product_type,year,month,export_value
Live animals,2018,January,46.567
Live animals,2018,February,48.184
Live animals,2018,March,54.481
Live animals,2018,April,57.194
Live animals,2018,May,57.875
Live animals,2018,June,45.701
Live animals,2018,July,55.266
Live animals,2018,August,59.258
Live animals,2018,September,71.943
Live animals,2018,October,180.938
Live animals,2018,November,92.495
Live animals,2018,December,89.303
Red meats & products,2018,January,1209.473
Red meats & products,2018,February,1189.289
Red meats & products,2018,March,1343.608
Red meats & products,2018,April,1304.755
Red meats & products,2018,May,1326.274
Red meats & products,2018,June,1273.802
Red meats & products,2018,July,1234.735
Red meats & products,2018,August,1287.643
Red meats & products,2018,September,1198.194
Red meats & products,2018,October,1306.472
Red meats & products,2018,November,1296.647
Red meats & products,2018,December,1275.043
Poultry meats & products,2018,January,391.742
Poultry meats & products,2018,February,391.017
Poultry meats & products,2018,March,440.04
Poultry meats & products,2018,April,445.212
Poultry meats & products,2018,May,413.097
Poultry meats & products,2018,June,400.082
Poultry meats & products,2018,July,409.225
Poultry meats & products,2018,August,427.799
Poultry meats & products,2018,September,389.569
Poultry meats & products,2018,October,442.683
Poultry meats & products,2018,November,409.283
Poultry meats & products,2018,December,360.72
Dairy products,2018,January,416.425
Dairy products,2018,February,454.037
Dairy products,2018,March,517.209
Dairy products,2018,April,524.541
Dairy products,2018,May,512.028
Dairy products,2018,June,480.277
Dairy products,2018,July,434.674
Dairy products,2018,August,479.412
Dairy products,2018,September,437.232
Dairy products,2018,October,459.869
Dairy products,2018,November,441.282
Dairy products,2018,December,426.779
Hides & skins,2018,January,137.301
Hides & skins,2018,February,153.994
Hides & skins,2018,March,154.944
Hides & skins,2018,April,137.487
Hides & skins,2018,May,146.421
Hides & skins,2018,June,133.332
Hides & skins,2018,July,101.725
Hides & skins,2018,August,102.305
Hides & skins,2018,September,98.648
Hides & skins,2018,October,96.252
Hides & skins,2018,November,106.699
Hides & skins,2018,December,89.21
Grains & feeds,2018,January,2225.708
Grains & feeds,2018,February,2190.257
Grains & feeds,2018,March,3063.228
Grains & feeds,2018,April,3166.197
Grains & feeds,2018,May,3134.694
Grains & feeds,2018,June,2923.417
Grains & feeds,2018,July,2889.773
Grains & feeds,2018,August,2892.775
Grains & feeds,2018,September,2581.519
Grains & feeds,2018,October,2701.764
Grains & feeds,2018,November,2634.12
Grains & feeds,2018,December,2549.02
Wheat,2018,January,424
Wheat,2018,February,325.878
Wheat,2018,March,491.711
Wheat,2018,April,475.705
Wheat,2018,May,441.981
Wheat,2018,June,384.419
Wheat,2018,July,436
Wheat,2018,August,501.29
Wheat,2018,September,456.124
Wheat,2018,October,472.869
Wheat,2018,November,410.728
Wheat,2018,December,547.911
Rice,2018,January,135.264
Rice,2018,February,161.949
Rice,2018,March,193.752
Rice,2018,April,125.91
Rice,2018,May,160.167
Rice,2018,June,105.394
Rice,2018,July,120.573
Rice,2018,August,132.764
Rice,2018,September,86.158
Rice,2018,October,100.215
Rice,2018,November,188.552
Rice,2018,December,164.409
Corn,2018,January,654.535
Corn,2018,February,639.157
Corn,2018,March,1135.385
Corn,2018,April,1370.46
Corn,2018,May,1435.967
Corn,2018,June,1318.475
Corn,2018,July,1230.254
Corn,2018,August,1048.35
Corn,2018,September,938.995
Corn,2018,October,1010.919
Corn,2018,November,914.042
Corn,2018,December,787.107
Other grain products,2018,January,336.593
Other grain products,2018,February,345.505
Other grain products,2018,March,387.668
Other grain products,2018,April,368.978
Other grain products,2018,May,405.076
Other grain products,2018,June,385.718
Other grain products,2018,July,371.623
Other grain products,2018,August,415.555
Other grain products,2018,September,390.396
Other grain products,2018,October,421.936
Other grain products,2018,November,393.28
Other grain products,2018,December,375.163
Animal feeds & oil meal,2018,January,935.134
Animal feeds & oil meal,2018,February,1007.736
Animal feeds & oil meal,2018,March,1145.376
Animal feeds & oil meal,2018,April,1146.068
Animal feeds & oil meal,2018,May,1167.275
Animal feeds & oil meal,2018,June,1267.606
Animal feeds & oil meal,2018,July,1137.92
Animal feeds & oil meal,2018,August,1189.464
Animal feeds & oil meal,2018,September,1081.648
Animal feeds & oil meal,2018,October,1063.86
Animal feeds & oil meal,2018,November,1077.154
Animal feeds & oil meal,2018,December,1040.494
Soybeans,2018,January,2168.117
Soybeans,2018,February,1621.27
Soybeans,2018,March,1283.244
Soybeans,2018,April,876.216
Soybeans,2018,May,1216.227
Soybeans,2018,June,1256.802
Soybeans,2018,July,1255.509
Soybeans,2018,August,1205.395
Soybeans,2018,September,1122.466
Soybeans,2018,October,1932.936
Soybeans,2018,November,1743.883
Soybeans,2018,December,1420.146
Other oilseeds,2018,January,108.559
Other oilseeds,2018,February,116.54
Other oilseeds,2018,March,130.062
Other oilseeds,2018,April,124.691
Other oilseeds,2018,May,132.885
Other oilseeds,2018,June,127.035
Other oilseeds,2018,July,111.617
Other oilseeds,2018,August,114.897
Other oilseeds,2018,September,128.077
Other oilseeds,2018,October,138.943
Other oilseeds,2018,November,126.813
Other oilseeds,2018,December,126.132
Vegetable oils,2018,January,240.138
Vegetable oils,2018,February,237.71
Vegetable oils,2018,March,262.529
Vegetable oils,2018,April,255.418
Vegetable oils,2018,May,347.807
Vegetable oils,2018,June,257.919
Vegetable oils,2018,July,235.784
Vegetable oils,2018,August,241.148
Vegetable oils,2018,September,198.409
Vegetable oils,2018,October,204.781
Vegetable oils,2018,November,246.457
Vegetable oils,2018,December,205.27
Fruits & products,2018,January,432.932
Fruits & products,2018,February,485.247
Fruits & products,2018,March,532.124
Fruits & products,2018,April,472.185
Fruits & products,2018,May,547.417
Fruits & products,2018,June,653.135
Fruits & products,2018,July,671.308
Fruits & products,2018,August,505.331
Fruits & products,2018,September,501.129
Fruits & products,2018,October,529.199
Fruits & products,2018,November,551.207
Fruits & products,2018,December,416.131
"Fruits, fresh",2018,January,307.216
"Fruits, fresh",2018,February,352.385
"Fruits, fresh",2018,March,380.971
"Fruits, fresh",2018,April,326.986
"Fruits, fresh",2018,May,399.244
"Fruits, fresh",2018,June,507.868
"Fruits, fresh",2018,July,539.055
"Fruits, fresh",2018,August,374.986
"Fruits, fresh",2018,September,370.257
"Fruits, fresh",2018,October,389.209
"Fruits, fresh",2018,November,412.853
"Fruits, fresh",2018,December,285.459
"Fruits, prepared or preserved",2018,January,125.716
"Fruits, prepared or preserved",2018,February,132.861
"Fruits, prepared or preserved",2018,March,151.153
"Fruits, prepared or preserved",2018,April,145.2
"Fruits, prepared or preserved",2018,May,148.173
"Fruits, prepared or preserved",2018,June,145.268
"Fruits, prepared or preserved",2018,July,132.253
"Fruits, prepared or preserved",2018,August,130.345
"Fruits, prepared or preserved",2018,September,130.872
"Fruits, prepared or preserved",2018,October,139.989
"Fruits, prepared or preserved",2018,November,138.355
"Fruits, prepared or preserved",2018,December,130.671
Fruit juices,2018,January,70.923
Fruit juices,2018,February,71.314
Fruit juices,2018,March,87.952
Fruit juices,2018,April,79.502
Fruit juices,2018,May,77.875
Fruit juices,2018,June,82.228
Fruit juices,2018,July,71.624
Fruit juices,2018,August,69.138
Fruit juices,2018,September,73.5
Fruit juices,2018,October,69.952
Fruit juices,2018,November,72.022
Fruit juices,2018,December,66.512
Vegetables & products,2018,January,546.965
Vegetables & products,2018,February,531.868
Vegetables & products,2018,March,614.506
Vegetables & products,2018,April,605.706
Vegetables & products,2018,May,645.805
Vegetables & products,2018,June,617.122
Vegetables & products,2018,July,543.193
Vegetables & products,2018,August,526.271
Vegetables & products,2018,September,521.558
Vegetables & products,2018,October,563.567
Vegetables & products,2018,November,593.915
Vegetables & products,2018,December,611.842
"Vegetables, fresh",2018,January,211.208
"Vegetables, fresh",2018,February,196.932
"Vegetables, fresh",2018,March,238.41
"Vegetables, fresh",2018,April,222.825
"Vegetables, fresh",2018,May,255.968
"Vegetables, fresh",2018,June,234.509
"Vegetables, fresh",2018,July,196.122
"Vegetables, fresh",2018,August,174.993
"Vegetables, fresh",2018,September,177.195
"Vegetables, fresh",2018,October,198.472
"Vegetables, fresh",2018,November,223.341
"Vegetables, fresh",2018,December,248.751
"Vegetables, prepared or preserved",2018,January,335.756
"Vegetables, prepared or preserved",2018,February,334.934
"Vegetables, prepared or preserved",2018,March,376.096
"Vegetables, prepared or preserved",2018,April,382.881
"Vegetables, prepared or preserved",2018,May,389.838
"Vegetables, prepared or preserved",2018,June,382.612
"Vegetables, prepared or preserved",2018,July,347.071
"Vegetables, prepared or preserved",2018,August,351.278
"Vegetables, prepared or preserved",2018,September,344.363
"Vegetables, prepared or preserved",2018,October,365.094
"Vegetables, prepared or preserved",2018,November,370.574
"Vegetables, prepared or preserved",2018,December,363.09
Tree nuts & preparations,2018,January,715.757
Tree nuts & preparations,2018,February,805.074
Tree nuts & preparations,2018,March,862.297
Tree nuts & preparations,2018,April,709.72
Tree nuts & preparations,2018,May,601.816
Tree nuts & preparations,2018,June,588.631
Tree nuts & preparations,2018,July,545.939
Tree nuts & preparations,2018,August,510.587
Tree nuts & preparations,2018,September,616.582
Tree nuts & preparations,2018,October,998.377
Tree nuts & preparations,2018,November,1247.067
Tree nuts & preparations,2018,December,964.215
Wine,2018,January,91.261
Wine,2018,February,118.69
Wine,2018,March,116.8
Wine,2018,April,121.382
Wine,2018,May,114.646
Wine,2018,June,115.509
Wine,2018,July,160.252
Wine,2018,August,113.239
Wine,2018,September,101.828
Wine,2018,October,122.576
Wine,2018,November,112.213
Wine,2018,December,110.885
Cotton & linters,2018,January,635.154
Cotton & linters,2018,February,788.375
Cotton & linters,2018,March,906.864
Cotton & linters,2018,April,859.314
Cotton & linters,2018,May,789.31
Cotton & linters,2018,June,577.638
Cotton & linters,2018,July,445.978
Cotton & linters,2018,August,335.93
Cotton & linters,2018,September,295.404
Cotton & linters,2018,October,245.953
Cotton & linters,2018,November,284.494
Cotton & linters,2018,December,409.755
"Tobacco, unmanufactured",2018,January,57.221
"Tobacco, unmanufactured",2018,February,97.957
"Tobacco, unmanufactured",2018,March,213.797
"Tobacco, unmanufactured",2018,April,115.384
"Tobacco, unmanufactured",2018,May,62.516
"Tobacco, unmanufactured",2018,June,123.559
"Tobacco, unmanufactured",2018,July,94.416
"Tobacco, unmanufactured",2018,August,65.483
"Tobacco, unmanufactured",2018,September,55.407
"Tobacco, unmanufactured",2018,October,70.152
"Tobacco, unmanufactured",2018,November,37.029
"Tobacco, unmanufactured",2018,December,60.745
Sugar & tropical products,2018,January,379.296
Sugar & tropical products,2018,February,376.812
Sugar & tropical products,2018,March,420.086
Sugar & tropical products,2018,April,410.615
Sugar & tropical products,2018,May,440.761
Sugar & tropical products,2018,June,436.837
Sugar & tropical products,2018,July,408.559
Sugar & tropical products,2018,August,446.542
Sugar & tropical products,2018,September,425.188
Sugar & tropical products,2018,October,450.132
Sugar & tropical products,2018,November,434.501
Sugar & tropical products,2018,December,381.985
Live animals,2019,January,67.929
Live animals,2019,February,64.58
Live animals,2019,March,80.997
Live animals,2019,April,69.285
Live animals,2019,May,60.974
Live animals,2019,June,53
Live animals,2019,July,47.495
Live animals,2019,August,80.211
Live animals,2019,September,63.097
Live animals,2019,October,129.601
Live animals,2019,November,92.813
Live animals,2019,December,115.548
Red meats & products,2019,January,1190.109
Red meats & products,2019,February,1080.619
Red meats & products,2019,March,1252.093
Red meats & products,2019,April,1267.939
Red meats & products,2019,May,1360.948
Red meats & products,2019,June,1354
Red meats & products,2019,July,1408.424
Red meats & products,2019,August,1344.887
Red meats & products,2019,September,1249.593
Red meats & products,2019,October,1300.333
Red meats & products,2019,November,1295.241
Red meats & products,2019,December,1499.181
Poultry meats & products,2019,January,355.719
Poultry meats & products,2019,February,346.492
Poultry meats & products,2019,March,399.197
Poultry meats & products,2019,April,383.204
Poultry meats & products,2019,May,441.447
Poultry meats & products,2019,June,412
Poultry meats & products,2019,July,441.678
Poultry meats & products,2019,August,451.83
Poultry meats & products,2019,September,418.176
Poultry meats & products,2019,October,444.956
Poultry meats & products,2019,November,408.898
Poultry meats & products,2019,December,383.329
Dairy products,2019,January,428.876
Dairy products,2019,February,468.646
Dairy products,2019,March,537.591
Dairy products,2019,April,497.327
Dairy products,2019,May,545.704
Dairy products,2019,June,474
Dairy products,2019,July,473.92
Dairy products,2019,August,493.599
Dairy products,2019,September,507.817
Dairy products,2019,October,526.992
Dairy products,2019,November,441.299
Dairy products,2019,December,521.86
Hides & skins,2019,January,100.415
Hides & skins,2019,February,113.732
Hides & skins,2019,March,105.056
Hides & skins,2019,April,105.021
Hides & skins,2019,May,102.538
Hides & skins,2019,June,73
Hides & skins,2019,July,69.083
Hides & skins,2019,August,76.94
Hides & skins,2019,September,70.565
Hides & skins,2019,October,78.177
Hides & skins,2019,November,106.656
Hides & skins,2019,December,80.684
Grains & feeds,2019,January,2460.476
Grains & feeds,2019,February,2319.281
Grains & feeds,2019,March,2633.506
Grains & feeds,2019,April,2930.903
Grains & feeds,2019,May,2814.696
Grains & feeds,2019,June,2341
Grains & feeds,2019,July,2185.806
Grains & feeds,2019,August,2481.924
Grains & feeds,2019,September,2110.177
Grains & feeds,2019,October,2208.219
Grains & feeds,2019,November,2622.214
Grains & feeds,2019,December,2241.015
Wheat,2019,January,489.122
Wheat,2019,February,552.749
Wheat,2019,March,463.21
Wheat,2019,April,671.146
Wheat,2019,May,623.441
Wheat,2019,June,491
Wheat,2019,July,436.935
Wheat,2019,August,579.419
Wheat,2019,September,515.178
Wheat,2019,October,474.235
Wheat,2019,November,387.831
Wheat,2019,December,504.406
Rice,2019,January,135.171
Rice,2019,February,127.732
Rice,2019,March,160.175
Rice,2019,April,170.968
Rice,2019,May,188.273
Rice,2019,June,160
Rice,2019,July,152.46
Rice,2019,August,164.194
Rice,2019,September,123.853
Rice,2019,October,150.009
Rice,2019,November,193.658
Rice,2019,December,202.407
Corn,2019,January,845.651
Corn,2019,February,658.79
Corn,2019,March,868.848
Corn,2019,April,994.317
Corn,2019,May,849.217
Corn,2019,June,581
Corn,2019,July,564.141
Corn,2019,August,536.369
Corn,2019,September,380.023
Corn,2019,October,422.799
Corn,2019,November,908.207
Corn,2019,December,460.776
Other grain products,2019,January,375.252
Other grain products,2019,February,370.785
Other grain products,2019,March,419.143
Other grain products,2019,April,399.995
Other grain products,2019,May,412.774
Other grain products,2019,June,395
Other grain products,2019,July,391.491
Other grain products,2019,August,412.979
Other grain products,2019,September,376.806
Other grain products,2019,October,433.012
Other grain products,2019,November,405.816
Other grain products,2019,December,390.294
Animal feeds & oil meal,2019,January,1102.933
Animal feeds & oil meal,2019,February,913.625
Animal feeds & oil meal,2019,March,1089.28
Animal feeds & oil meal,2019,April,1116.847
Animal feeds & oil meal,2019,May,1049.335
Animal feeds & oil meal,2019,June,952
Animal feeds & oil meal,2019,July,907.942
Animal feeds & oil meal,2019,August,1062.347
Animal feeds & oil meal,2019,September,984.546
Animal feeds & oil meal,2019,October,1063.295
Animal feeds & oil meal,2019,November,1074.083
Animal feeds & oil meal,2019,December,961.628
Soybeans,2019,January,1697.722
Soybeans,2019,February,1616.458
Soybeans,2019,March,1340.748
Soybeans,2019,April,869.547
Soybeans,2019,May,898.99
Soybeans,2019,June,1125
Soybeans,2019,July,1312.344
Soybeans,2019,August,1751.44
Soybeans,2019,September,1367.78
Soybeans,2019,October,2135.256
Soybeans,2019,November,1680.961
Soybeans,2019,December,2017.288
Other oilseeds,2019,January,123.047
Other oilseeds,2019,February,111.012
Other oilseeds,2019,March,130.051
Other oilseeds,2019,April,126.148
Other oilseeds,2019,May,115.419
Other oilseeds,2019,June,127
Other oilseeds,2019,July,128.929
Other oilseeds,2019,August,137.344
Other oilseeds,2019,September,125.509
Other oilseeds,2019,October,137.737
Other oilseeds,2019,November,126.797
Other oilseeds,2019,December,143.274
Vegetable oils,2019,January,241.047
Vegetable oils,2019,February,188.168
Vegetable oils,2019,March,290.029
Vegetable oils,2019,April,209.012
Vegetable oils,2019,May,246.796
Vegetable oils,2019,June,198
Vegetable oils,2019,July,224.533
Vegetable oils,2019,August,218.621
Vegetable oils,2019,September,173.855
Vegetable oils,2019,October,265.088
Vegetable oils,2019,November,246.528
Vegetable oils,2019,December,225.172
Fruits & products,2019,January,366.73
Fruits & products,2019,February,385.653
Fruits & products,2019,March,485.589
Fruits & products,2019,April,423.065
Fruits & products,2019,May,466.863
Fruits & products,2019,June,584
Fruits & products,2019,July,673.56
Fruits & products,2019,August,552.637
Fruits & products,2019,September,509.935
Fruits & products,2019,October,541.455
Fruits & products,2019,November,550.585
Fruits & products,2019,December,419.709
"Fruits, fresh",2019,January,244.523
"Fruits, fresh",2019,February,254.967
"Fruits, fresh",2019,March,336.942
"Fruits, fresh",2019,April,292.819
"Fruits, fresh",2019,May,334.448
"Fruits, fresh",2019,June,452
"Fruits, fresh",2019,July,545.367
"Fruits, fresh",2019,August,412.92
"Fruits, fresh",2019,September,373.948
"Fruits, fresh",2019,October,392.471
"Fruits, fresh",2019,November,412.081
"Fruits, fresh",2019,December,303.472
"Fruits, prepared or preserved",2019,January,122.207
"Fruits, prepared or preserved",2019,February,130.685
"Fruits, prepared or preserved",2019,March,148.646
"Fruits, prepared or preserved",2019,April,130.246
"Fruits, prepared or preserved",2019,May,132.416
"Fruits, prepared or preserved",2019,June,132
"Fruits, prepared or preserved",2019,July,128.193
"Fruits, prepared or preserved",2019,August,139.717
"Fruits, prepared or preserved",2019,September,135.987
"Fruits, prepared or preserved",2019,October,148.985
"Fruits, prepared or preserved",2019,November,138.503
"Fruits, prepared or preserved",2019,December,116.237
Fruit juices,2019,January,70.726
Fruit juices,2019,February,65.115
Fruit juices,2019,March,81.669
Fruit juices,2019,April,72.713
Fruit juices,2019,May,70.852
Fruit juices,2019,June,66
Fruit juices,2019,July,63.041
Fruit juices,2019,August,64.18
Fruit juices,2019,September,63.049
Fruit juices,2019,October,68.462
Fruit juices,2019,November,69.522
Fruit juices,2019,December,63.653
Vegetables & products,2019,January,584.939
Vegetables & products,2019,February,552.946
Vegetables & products,2019,March,663.019
Vegetables & products,2019,April,616.573
Vegetables & products,2019,May,650.577
Vegetables & products,2019,June,632
Vegetables & products,2019,July,596.584
Vegetables & products,2019,August,569.621
Vegetables & products,2019,September,518.993
Vegetables & products,2019,October,602.014
Vegetables & products,2019,November,594.851
Vegetables & products,2019,December,584.792
"Vegetables, fresh",2019,January,229.101
"Vegetables, fresh",2019,February,212.324
"Vegetables, fresh",2019,March,245.974
"Vegetables, fresh",2019,April,245.544
"Vegetables, fresh",2019,May,265.323
"Vegetables, fresh",2019,June,257
"Vegetables, fresh",2019,July,226.437
"Vegetables, fresh",2019,August,183.898
"Vegetables, fresh",2019,September,168.243
"Vegetables, fresh",2019,October,200.882
"Vegetables, fresh",2019,November,223.983
"Vegetables, fresh",2019,December,223.009
"Vegetables, prepared or preserved",2019,January,355.839
"Vegetables, prepared or preserved",2019,February,340.622
"Vegetables, prepared or preserved",2019,March,417.045
"Vegetables, prepared or preserved",2019,April,371.028
"Vegetables, prepared or preserved",2019,May,385.254
"Vegetables, prepared or preserved",2019,June,374
"Vegetables, prepared or preserved",2019,July,370.146
"Vegetables, prepared or preserved",2019,August,385.724
"Vegetables, prepared or preserved",2019,September,350.75
"Vegetables, prepared or preserved",2019,October,401.133
"Vegetables, prepared or preserved",2019,November,370.869
"Vegetables, prepared or preserved",2019,December,361.782
Tree nuts & preparations,2019,January,794.228
Tree nuts & preparations,2019,February,824.047
Tree nuts & preparations,2019,March,863.634
Tree nuts & preparations,2019,April,723.726
Tree nuts & preparations,2019,May,688.817
Tree nuts & preparations,2019,June,663
Tree nuts & preparations,2019,July,627.74
Tree nuts & preparations,2019,August,574.737
Tree nuts & preparations,2019,September,663.812
Tree nuts & preparations,2019,October,1123.732
Tree nuts & preparations,2019,November,1247.794
Tree nuts & preparations,2019,December,902.084
Wine,2019,January,95.463
Wine,2019,February,98.515
Wine,2019,March,95.67
Wine,2019,April,113.163
Wine,2019,May,114.156
Wine,2019,June,120
Wine,2019,July,108.458
Wine,2019,August,112.245
Wine,2019,September,104.591
Wine,2019,October,127.236
Wine,2019,November,113.187
Wine,2019,December,112.191
Cotton & linters,2019,January,502.11
Cotton & linters,2019,February,589.61
Cotton & linters,2019,March,809.335
Cotton & linters,2019,April,659.623
Cotton & linters,2019,May,696.042
Cotton & linters,2019,June,625
Cotton & linters,2019,July,519.453
Cotton & linters,2019,August,368.681
Cotton & linters,2019,September,371.957
Cotton & linters,2019,October,251.947
Cotton & linters,2019,November,281.27
Cotton & linters,2019,December,464.236
"Tobacco, unmanufactured",2019,January,113.008
"Tobacco, unmanufactured",2019,February,81.206
"Tobacco, unmanufactured",2019,March,63.427
"Tobacco, unmanufactured",2019,April,28.328
"Tobacco, unmanufactured",2019,May,74.794
"Tobacco, unmanufactured",2019,June,71
"Tobacco, unmanufactured",2019,July,84.124
"Tobacco, unmanufactured",2019,August,28.584
"Tobacco, unmanufactured",2019,September,41.881
"Tobacco, unmanufactured",2019,October,29.23
"Tobacco, unmanufactured",2019,November,37.029
"Tobacco, unmanufactured",2019,December,67.765
Sugar & tropical products,2019,January,371.807
Sugar & tropical products,2019,February,354.522
Sugar & tropical products,2019,March,417.613
Sugar & tropical products,2019,April,403.958
Sugar & tropical products,2019,May,407.504
Sugar & tropical products,2019,June,414
Sugar & tropical products,2019,July,401.185
Sugar & tropical products,2019,August,428.168
Sugar & tropical products,2019,September,408.973
Sugar & tropical products,2019,October,451.646
Sugar & tropical products,2019,November,435.158
Sugar & tropical products,2019,December,371.669
Live animals,2021,January,85.927
Live animals,2021,February,81.311
Live animals,2021,March,95.874
Live animals,2021,April,103.188
Live animals,2021,May,88.002
Live animals,2021,June,103.134
Live animals,2021,July,87.649
Live animals,2021,August,88.03
Live animals,2021,September,98.678
Red meats and products,2021,January,1363.629
Red meats and products,2021,February,1364.441
Red meats and products,2021,March,1686.463
Red meats and products,2021,April,1637.307
Red meats and products,2021,May,1801.33
Red meats and products,2021,June,1584.554
Red meats and products,2021,July,1682.146
Red meats and products,2021,August,1762.818
Red meats and products,2021,September,1638.512
Poultry meats and products,2021,January,414.423
Poultry meats and products,2021,February,409.345
Poultry meats and products,2021,March,507.266
Poultry meats and products,2021,April,493.842
Poultry meats and products,2021,May,535.083
Poultry meats and products,2021,June,515.972
Poultry meats and products,2021,July,522.538
Poultry meats and products,2021,August,540.25
Poultry meats and products,2021,September,513.355
Dairy products,2021,January,498.565
Dairy products,2021,February,558.244
Dairy products,2021,March,680.303
Dairy products,2021,April,682.26
Dairy products,2021,May,682.834
Dairy products,2021,June,664.417
Dairy products,2021,July,662.323
Dairy products,2021,August,682.816
Dairy products,2021,September,650.058
Hides and skins,2021,January,72.567
Hides and skins,2021,February,72.632
Hides and skins,2021,March,91.291
Hides and skins,2021,April,95.995
Hides and skins,2021,May,131.081
Hides and skins,2021,June,103.566
Hides and skins,2021,July,103.712
Hides and skins,2021,August,124.146
Hides and skins,2021,September,93.944
Grains and feeds,2021,January,3334.321
Grains and feeds,2021,February,3446.308
Grains and feeds,2021,March,4664.738
Grains and feeds,2021,April,4752.305
Grains and feeds,2021,May,4680.595
Grains and feeds,2021,June,3874.954
Grains and feeds,2021,July,3726.586
Grains and feeds,2021,August,3400.423
Grains and feeds,2021,September,2803.213
Wheat,2021,January,540.644
Wheat,2021,February,510.541
Wheat,2021,March,593.736
Wheat,2021,April,718.252
Wheat,2021,May,688.012
Wheat,2021,June,574.076
Wheat,2021,July,590.951
Wheat,2021,August,806.001
Wheat,2021,September,754.331
Rice,2021,January,138.513
Rice,2021,February,160.986
Rice,2021,March,155.952
Rice,2021,April,211.099
Rice,2021,May,176.092
Rice,2021,June,165.694
Rice,2021,July,140.966
Rice,2021,August,187.821
Rice,2021,September,115.021
Corn,2021,January,1346.667
Corn,2021,February,1582.073
Corn,2021,March,2409.265
Corn,2021,April,2239.85
Corn,2021,May,2356.854
Corn,2021,June,1854.906
Corn,2021,July,1637.603
Corn,2021,August,995.334
Corn,2021,September,702.493
Other grain products,2021,January,382.202
Other grain products,2021,February,365.158
Other grain products,2021,March,450.115
Other grain products,2021,April,429.541
Other grain products,2021,May,421.517
Other grain products,2021,June,416.996
Other grain products,2021,July,408.1
Other grain products,2021,August,425.274
Other grain products,2021,September,396.406
Animal feeds and oil meal,2021,January,1315.683
Animal feeds and oil meal,2021,February,1241.001
Animal feeds and oil meal,2021,March,1385.553
Animal feeds and oil meal,2021,April,1284.101
Animal feeds and oil meal,2021,May,1305.911
Animal feeds and oil meal,2021,June,1177.428
Animal feeds and oil meal,2021,July,1235.223
Animal feeds and oil meal,2021,August,1294.446
Animal feeds and oil meal,2021,September,1070.924
Soybeans,2021,January,4147.51
Soybeans,2021,February,2294.018
Soybeans,2021,March,1220.487
Soybeans,2021,April,770.298
Soybeans,2021,May,740.515
Soybeans,2021,June,553.041
Soybeans,2021,July,527.053
Soybeans,2021,August,748.264
Soybeans,2021,September,1217.006
Other oilseeds,2021,January,174.462
Other oilseeds,2021,February,164.867
Other oilseeds,2021,March,188.386
Other oilseeds,2021,April,181.858
Other oilseeds,2021,May,184.927
Other oilseeds,2021,June,167.239
Other oilseeds,2021,July,170.395
Other oilseeds,2021,August,154.194
Other oilseeds,2021,September,146.954
Vegetable oils,2021,January,356.302
Vegetable oils,2021,February,314.796
Vegetable oils,2021,March,317.086
Vegetable oils,2021,April,326.548
Vegetable oils,2021,May,271.178
Vegetable oils,2021,June,308.587
Vegetable oils,2021,July,292.28
Vegetable oils,2021,August,302.863
Vegetable oils,2021,September,246.642
Fruits and products,2021,January,366.168
Fruits and products,2021,February,404.396
Fruits and products,2021,March,514.177
Fruits and products,2021,April,434.551
Fruits and products,2021,May,573.872
Fruits and products,2021,June,666.238
Fruits and products,2021,July,653.143
Fruits and products,2021,August,535.016
Fruits and products,2021,September,509.689
"Fruits, fresh",2021,January,251.265
"Fruits, fresh",2021,February,291.247
"Fruits, fresh",2021,March,368.372
"Fruits, fresh",2021,April,294.764
"Fruits, fresh",2021,May,434.225
"Fruits, fresh",2021,June,531.769
"Fruits, fresh",2021,July,511.245
"Fruits, fresh",2021,August,397.508
"Fruits, fresh",2021,September,357.827
"Fruits, prepared or preserved",2021,January,114.904
"Fruits, prepared or preserved",2021,February,113.15
"Fruits, prepared or preserved",2021,March,145.804
"Fruits, prepared or preserved",2021,April,139.786
"Fruits, prepared or preserved",2021,May,139.648
"Fruits, prepared or preserved",2021,June,134.469
"Fruits, prepared or preserved",2021,July,141.898
"Fruits, prepared or preserved",2021,August,137.507
"Fruits, prepared or preserved",2021,September,151.862
Fruit juices,2021,January,63.474
Fruit juices,2021,February,58.863
Fruit juices,2021,March,70.724
Fruit juices,2021,April,68.88
Fruit juices,2021,May,68.434
Fruit juices,2021,June,66.1
Fruit juices,2021,July,60.798
Fruit juices,2021,August,62.206
Fruit juices,2021,September,58.346
Vegetables and products,2021,January,579.127
Vegetables and products,2021,February,546.584
Vegetables and products,2021,March,659.592
Vegetables and products,2021,April,671.338
Vegetables and products,2021,May,678.373
Vegetables and products,2021,June,626.488
Vegetables and products,2021,July,616.608
Vegetables and products,2021,August,555.676
Vegetables and products,2021,September,542.965
"Vegetables, fresh",2021,January,213.396
"Vegetables, fresh",2021,February,196.721
"Vegetables, fresh",2021,March,234.529
"Vegetables, fresh",2021,April,232.008
"Vegetables, fresh",2021,May,262.323
"Vegetables, fresh",2021,June,234.125
"Vegetables, fresh",2021,July,222.165
"Vegetables, fresh",2021,August,184.022
"Vegetables, fresh",2021,September,187.077
"Vegetables, prepared or preserved",2021,January,365.73
"Vegetables, prepared or preserved",2021,February,349.863
"Vegetables, prepared or preserved",2021,March,425.062
"Vegetables, prepared or preserved",2021,April,439.33
"Vegetables, prepared or preserved",2021,May,416.049
"Vegetables, prepared or preserved",2021,June,392.363
"Vegetables, prepared or preserved",2021,July,394.443
"Vegetables, prepared or preserved",2021,August,371.654
"Vegetables, prepared or preserved",2021,September,355.887
Tree nuts and preparations,2021,January,652.487
Tree nuts and preparations,2021,February,772.798
Tree nuts and preparations,2021,March,825.609
Tree nuts and preparations,2021,April,769.674
Tree nuts and preparations,2021,May,689.898
Tree nuts and preparations,2021,June,621.037
Tree nuts and preparations,2021,July,662.181
Tree nuts and preparations,2021,August,629.822
Tree nuts and preparations,2021,September,687.162
Wine,2021,January,85.385
Wine,2021,February,91.02
Wine,2021,March,120.846
Wine,2021,April,125.536
Wine,2021,May,123.646
Wine,2021,June,123.851
Wine,2021,July,139.579
Wine,2021,August,130.588
Wine,2021,September,107.74
Distilled spirits,2021,January,86.428
Distilled spirits,2021,February,103.451
Distilled spirits,2021,March,136.489
Distilled spirits,2021,April,133.494
Distilled spirits,2021,May,143.99
Distilled spirits,2021,June,136.06
Distilled spirits,2021,July,112.406
Distilled spirits,2021,August,136.279
Distilled spirits,2021,September,139.295
Ethanol (non-beverage),2021,January,255.659
Ethanol (non-beverage),2021,February,193.96
Ethanol (non-beverage),2021,March,226.734
Ethanol (non-beverage),2021,April,228.288
Ethanol (non-beverage),2021,May,159.316
Ethanol (non-beverage),2021,June,189.11
Ethanol (non-beverage),2021,July,138.819
Ethanol (non-beverage),2021,August,187.739
Ethanol (non-beverage),2021,September,185.67
Cotton and linters,2021,January,609.39
Cotton and linters,2021,February,605.143
Cotton and linters,2021,March,671.518
Cotton and linters,2021,April,672.619
Cotton and linters,2021,May,697.22
Cotton and linters,2021,June,533.505
Cotton and linters,2021,July,486.017
Cotton and linters,2021,August,429.046
Cotton and linters,2021,September,257.746
Tobacco,2021,January,97.642
Tobacco,2021,February,128.75
Tobacco,2021,March,104.296
Tobacco,2021,April,89.849
Tobacco,2021,May,86.253
Tobacco,2021,June,86.24
Tobacco,2021,July,107.915
Tobacco,2021,August,104.254
Tobacco,2021,September,77.034
"Tobacco, unmanufactured",2021,January,78.151
"Tobacco, unmanufactured",2021,February,112.579
"Tobacco, unmanufactured",2021,March,82.039
"Tobacco, unmanufactured",2021,April,72.478
"Tobacco, unmanufactured",2021,May,69.704
"Tobacco, unmanufactured",2021,June,68.324
"Tobacco, unmanufactured",2021,July,91.801
"Tobacco, unmanufactured",2021,August,87.343
"Tobacco, unmanufactured",2021,September,63.037
"Tobacco, manufactured",2021,January,19.491
"Tobacco, manufactured",2021,February,16.171
"Tobacco, manufactured",2021,March,22.257
"Tobacco, manufactured",2021,April,17.371
"Tobacco, manufactured",2021,May,16.549
"Tobacco, manufactured",2021,June,17.916
"Tobacco, manufactured",2021,July,16.114
"Tobacco, manufactured",2021,August,16.911
"Tobacco, manufactured",2021,September,13.997
Sugar and tropical products,2021,January,194
Sugar and tropical products,2021,February,183.457
Sugar and tropical products,2021,March,170.828
Sugar and tropical products,2021,April,116.042
Sugar and tropical products,2021,May,98.378
Sugar and tropical products,2021,June,93.677
Sugar and tropical products,2021,July,96.433
Sugar and tropical products,2021,August,84.397
Sugar and tropical products,2021,September,91.704
Live animals,2020,January,79.178
Red meats & products,2020,January,1460.65
Poultry meats & products,2020,January,407.645
Dairy products,2020,January,553.229
Hides & skins,2020,January,87.635
Grains & feeds,2020,January,2121.421
Wheat,2020,January,444.29
Rice,2020,January,136.583
Corn,2020,January,457.039
Other grain products,2020,January,389.4
Animal feeds & oil meal,2020,January,995.417
Soybeans,2020,January,1947.992
Other oilseeds,2020,January,137.984
Vegetable oils,2020,January,203.732
Fruits & products,2020,January,364.355
"Fruits, fresh",2020,January,243.407
"Fruits, prepared or preserved",2020,January,120.948
Fruit juices,2020,January,57.502
Vegetables & products,2020,January,575.529
"Vegetables, fresh",2020,January,224.458
"Vegetables, prepared or preserved",2020,January,351.071
Tree nuts & preparations,2020,January,775.784
Wine,2020,January,88.653
Cotton & linters,2020,January,601.337
"Tobacco, unmanufactured",2020,January,62.527
Sugar & tropical products,2020,January,362.367
Live animals,2020,February,65.712
Red meats & products,2020,February,1456.243
Poultry meats & products,2020,February,407.881
Dairy products,2020,February,529.55
Hides & skins,2020,February,86.945
Grains & feeds,2020,February,2512.895
Wheat,2020,February,540.801
Rice,2020,February,174.264
Corn,2020,February,724.018
Other grain products,2020,February,395.249
Animal feeds & oil meal,2020,February,1054.033
Soybeans,2020,February,1001.191
Other oilseeds,2020,February,135.376
Vegetable oils,2020,February,307.925
Fruits & products,2020,February,439.494
"Fruits, fresh",2020,February,311.622
"Fruits, prepared or preserved",2020,February,127.872
Fruit juices,2020,February,64.906
Vegetables & products,2020,February,550.878
"Vegetables, fresh",2020,February,209.07
"Vegetables, prepared or preserved",2020,February,341.808
Tree nuts & preparations,2020,February,849.249
Wine,2020,February,99.187
Cotton & linters,2020,February,707.485
"Tobacco, unmanufactured",2020,February,58.215
Sugar & tropical products,2020,February,368.479
Live animals,2020,March,50.594
Red meats & products,2020,March,1525.406
Poultry meats & products,2020,March,461.027
Dairy products,2020,March,589.891
Hides & skins,2020,March,79.953
Grains & feeds,2020,March,2669.726
Wheat,2020,March,438.959
Rice,2020,March,153.751
Corn,2020,March,861.759
Other grain products,2020,March,424.087
Animal feeds & oil meal,2020,March,1119.066
Soybeans,2020,March,938.408
Other oilseeds,2020,March,148.395
Vegetable oils,2020,March,269.927
Fruits & products,2020,March,488.765
"Fruits, fresh",2020,March,351.108
"Fruits, prepared or preserved",2020,March,137.657
Fruit juices,2020,March,75.866
Vegetables & products,2020,March,613.951
"Vegetables, fresh",2020,March,227.305
"Vegetables, prepared or preserved",2020,March,386.646
Tree nuts & preparations,2020,March,841.255
Wine,2020,March,97.243
Cotton & linters,2020,March,713.75
"Tobacco, unmanufactured",2020,March,88.487
Sugar & tropical products,2020,March,394.904
Live animals,2020,April,47.457
Red meats & products,2020,April,1335.205
Poultry meats & products,2020,April,409.194
Dairy products,2020,April,517.49
Hides & skins,2020,April,65.659
Grains & feeds,2020,April,2872.672
Wheat,2020,April,574.146
Rice,2020,April,191.208
Corn,2020,April,879.827
Other grain products,2020,April,371.108
Animal feeds & oil meal,2020,April,1101.039
Soybeans,2020,April,777.712
Other oilseeds,2020,April,159.371
Vegetable oils,2020,April,266.785
Fruits & products,2020,April,383.479
"Fruits, fresh",2020,April,261.277
"Fruits, prepared or preserved",2020,April,122.202
Fruit juices,2020,April,65.148
Vegetables & products,2020,April,555.594
"Vegetables, fresh",2020,April,207.718
"Vegetables, prepared or preserved",2020,April,347.876
Tree nuts & preparations,2020,April,634.515
Wine,2020,April,100.937
Cotton & linters,2020,April,437.798
"Tobacco, unmanufactured",2020,April,42.595
Sugar & tropical products,2020,April,330.875
Live animals,2020,May,42.067
Red meats & products,2020,May,1156.454
Poultry meats & products,2020,May,377.67
Dairy products,2020,May,581.669
Hides & skins,2020,May,52.271
Grains & feeds,2020,May,2912.867
Wheat,2020,May,559.282
Rice,2020,May,194.814
Corn,2020,May,965.252
Other grain products,2020,May,364.466
Animal feeds & oil meal,2020,May,1023.136
Soybeans,2020,May,702.161
Other oilseeds,2020,May,161.713
Vegetable oils,2020,May,282.661
Fruits & products,2020,May,490.134
"Fruits, fresh",2020,May,366.814
"Fruits, prepared or preserved",2020,May,123.319
Fruit juices,2020,May,64.169
Vegetables & products,2020,May,576.557
"Vegetables, fresh",2020,May,240.844
"Vegetables, prepared or preserved",2020,May,335.713
Tree nuts & preparations,2020,May,555.683
Wine,2020,May,88.523
Cotton & linters,2020,May,406.991
"Tobacco, unmanufactured",2020,May,74.097
Sugar & tropical products,2020,May,316.258
Live animals,2020,June,41.233
Red meats & products,2020,June,1073.024
Poultry meats & products,2020,June,349.829
Dairy products,2020,June,579.267
Hides & skins,2020,June,65.462
Grains & feeds,2020,June,2706.696
Wheat,2020,June,522.886
Rice,2020,June,138.176
Corn,2020,June,849.471
Other grain products,2020,June,388.755
Animal feeds & oil meal,2020,June,1052.404
Soybeans,2020,June,644.046
Other oilseeds,2020,June,141.242
Vegetable oils,2020,June,224.17
Fruits & products,2020,June,559.845
"Fruits, fresh",2020,June,442.376
"Fruits, prepared or preserved",2020,June,117.469
Fruit juices,2020,June,65.421
Vegetables & products,2020,June,546.06
"Vegetables, fresh",2020,June,228.321
"Vegetables, prepared or preserved",2020,June,317.738
Tree nuts & preparations,2020,June,540.608
Wine,2020,June,88.231
Cotton & linters,2020,June,469.132
"Tobacco, unmanufactured",2020,June,42.344
Sugar & tropical products,2020,June,333.636
Live animals,2020,July,54.346
Red meats & products,2020,July,1270.061
Poultry meats & products,2020,July,382.19
Dairy products,2020,July,549.365
Hides & skins,2020,July,71.666
Grains & feeds,2020,July,2558.812
Wheat,2020,July,549.647
Rice,2020,July,127.647
Corn,2020,July,718.23
Other grain products,2020,July,404.95
Animal feeds & oil meal,2020,July,1036.303
Soybeans,2020,July,792.699
Other oilseeds,2020,July,124.938
Vegetable oils,2020,July,207.413
Fruits & products,2020,July,665.162
"Fruits, fresh",2020,July,539.659
"Fruits, prepared or preserved",2020,July,125.503
Fruit juices,2020,July,62.76
Vegetables & products,2020,July,537.235
"Vegetables, fresh",2020,July,222.542
"Vegetables, prepared or preserved",2020,July,314.693
Tree nuts & preparations,2020,July,514.775
Wine,2020,July,109.614
Cotton & linters,2020,July,513.737
"Tobacco, unmanufactured",2020,July,52.572
Sugar & tropical products,2020,July,353.883
Live animals,2020,August,65.519
Red meats & products,2020,August,1272.649
Poultry meats & products,2020,August,394.635
Dairy products,2020,August,545.445
Hides & skins,2020,August,61.907
Grains & feeds,2020,August,2622.68
Wheat,2020,August,582.48
Rice,2020,August,101.481
Corn,2020,August,751.709
Other grain products,2020,August,402.177
Animal feeds & oil meal,2020,August,1020.568
Soybeans,2020,August,1645.032
Other oilseeds,2020,August,131.416
Vegetable oils,2020,August,267.885
Fruits & products,2020,August,505.901
"Fruits, fresh",2020,August,386.576
"Fruits, prepared or preserved",2020,August,119.326
Fruit juices,2020,August,59.214
Vegetables & products,2020,August,537.392
"Vegetables, fresh",2020,August,189.191
"Vegetables, prepared or preserved",2020,August,348.201
Tree nuts & preparations,2020,August,497.49
Wine,2020,August,113.783
Cotton & linters,2020,August,454.768
"Tobacco, unmanufactured",2020,August,76.577
Sugar & tropical products,2020,August,378.605
Live animals,2020,September,77.137
Red meats & products,2020,September,1235.007
Poultry meats & products,2020,September,397.225
Dairy products,2020,September,512.411
Hides & skins,2020,September,56.001
Grains & feeds,2020,September,2554.176
Wheat,2020,September,626.645
Rice,2020,September,93.189
Corn,2020,September,657.675
Other grain products,2020,September,410.441
Animal feeds & oil meal,2020,September,1010.503
Soybeans,2020,September,2941.097
Other oilseeds,2020,September,126.198
Vegetable oils,2020,September,243.031
Fruits & products,2020,September,468.54
"Fruits, fresh",2020,September,339.212
"Fruits, prepared or preserved",2020,September,129.328
Fruit juices,2020,September,60.566
Vegetables & products,2020,September,534.883
"Vegetables, fresh",2020,September,175.249
"Vegetables, prepared or preserved",2020,September,359.634
Tree nuts & preparations,2020,September,657.842
Wine,2020,September,103.467
Cotton & linters,2020,September,298.653
"Tobacco, unmanufactured",2020,September,38.64
Sugar & tropical products,2020,September,396.759
Live animals,2020,October,100.937
Red meats & products,2020,October,1359.596
Poultry meats & products,2020,October,446.664
Dairy products,2020,October,559.567
Hides & skins,2020,October,63.828
Grains & feeds,2020,October,2446.259
Wheat,2020,October,442.986
Rice,2020,October,143.051
Corn,2020,October,665.883
Other grain products,2020,October,428.706
Animal feeds & oil meal,2020,October,1087.503
Soybeans,2020,October,4814.046
Other oilseeds,2020,October,145.432
Vegetable oils,2020,October,256.365
Fruits & products,2020,October,512.779
"Fruits, fresh",2020,October,367.742
"Fruits, prepared or preserved",2020,October,145.037
Fruit juices,2020,October,60.717
Vegetables & products,2020,October,625.036
"Vegetables, fresh",2020,October,223.528
"Vegetables, prepared or preserved",2020,October,401.509
Tree nuts & preparations,2020,October,1050.628
Wine,2020,October,127.443
Cotton & linters,2020,October,399.582
"Tobacco, unmanufactured",2020,October,35.384
Sugar & tropical products,2020,October,424.561
Live animals,2020,November,95.098
Red meats & products,2020,November,1473.852
Poultry meats & products,2020,November,430.843
Dairy products,2020,November,507.52
Hides & skins,2020,November,62.786
Grains & feeds,2020,November,2719.502
Wheat,2020,November,489.673
Rice,2020,November,193.177
Corn,2020,November,737.74
Other grain products,2020,November,404.504
Animal feeds & oil meal,2020,November,1157.942
Soybeans,2020,November,4698.838
Other oilseeds,2020,November,132.663
Vegetable oils,2020,November,282.44
Fruits & products,2020,November,525.905
"Fruits, fresh",2020,November,386.577
"Fruits, prepared or preserved",2020,November,139.328
Fruit juices,2020,November,60.487
Vegetables & products,2020,November,605.232
"Vegetables, fresh",2020,November,223.348
"Vegetables, prepared or preserved",2020,November,381.884
Tree nuts & preparations,2020,November,1076.063
Wine,2020,November,122.5
Cotton & linters,2020,November,472.422
"Tobacco, unmanufactured",2020,November,46.974
Sugar & tropical products,2020,November,389.56
Live animals,2020,December,99.552
Red meats & products,2020,December,1502.699
Poultry meats & products,2020,December,408.047
Dairy products,2020,December,507.572
Hides & skins,2020,December,66.005
Grains & feeds,2020,December,2981.348
Wheat,2020,December,526.023
Rice,2020,December,229.307
Corn,2020,December,941.789
Other grain products,2020,December,402.857
Animal feeds & oil meal,2020,December,1246.527
Soybeans,2020,December,4880.295
Other oilseeds,2020,December,145.485
Vegetable oils,2020,December,271.515
Fruits & products,2020,December,426.915
"Fruits, fresh",2020,December,300.823
"Fruits, prepared or preserved",2020,December,126.093
Fruit juices,2020,December,58.999
Vegetables & products,2020,December,584.012
"Vegetables, fresh",2020,December,206.383
"Vegetables, prepared or preserved",2020,December,377.629
Tree nuts & preparations,2020,December,990.015
Wine,2020,December,116.205
Cotton & linters,2020,December,500.686
"Tobacco, unmanufactured",2020,December,47.501
Sugar & tropical products,2020,December,354.83
