product_type,year,month,import_value
Live animals,2018,January,205.593
Live animals,2018,February,195.862
Live animals,2018,March,241.44
Live animals,2018,April,228.585
Live animals,2018,May,205.668
Live animals,2018,June,187.033
Live animals,2018,July,176.778
Live animals,2018,August,165.661
Live animals,2018,September,193.721
Live animals,2018,October,247.204
Live animals,2018,November,265.895
Live animals,2018,December,259.1
Red meats & products,2018,January,732.671
Red meats & products,2018,February,658.215
Red meats & products,2018,March,763.397
Red meats & products,2018,April,708.737
Red meats & products,2018,May,800.19
Red meats & products,2018,June,795.642
Red meats & products,2018,July,822.463
Red meats & products,2018,August,749.729
Red meats & products,2018,September,663.5
Red meats & products,2018,October,685.261
Red meats & products,2018,November,678.341
Red meats & products,2018,December,654.482
Beef & veal,2018,January,465.098
Beef & veal,2018,February,407.248
Beef & veal,2018,March,482.37
Beef & veal,2018,April,446.08
Beef & veal,2018,May,531.554
Beef & veal,2018,June,543.089
Beef & veal,2018,July,538.168
Beef & veal,2018,August,501.216
Beef & veal,2018,September,439.795
Beef & veal,2018,October,443.945
Beef & veal,2018,November,420.021
Beef & veal,2018,December,399.414
Pork,2018,January,139.461
Pork,2018,February,141.465
Pork,2018,March,142.414
Pork,2018,April,143.871
Pork,2018,May,136.649
Pork,2018,June,126.65
Pork,2018,July,136.674
Pork,2018,August,126.474
Pork,2018,September,120.458
Pork,2018,October,134.768
Pork,2018,November,129.139
Pork,2018,December,123.488
Dairy products,2018,January,239.668
Dairy products,2018,February,228.987
Dairy products,2018,March,244.754
Dairy products,2018,April,239.06
Dairy products,2018,May,263.681
Dairy products,2018,June,234.313
Dairy products,2018,July,262.859
Dairy products,2018,August,227.239
Dairy products,2018,September,220.274
Dairy products,2018,October,276.412
Dairy products,2018,November,251.257
Dairy products,2018,December,257.223
Cheese,2018,January,97.8
Cheese,2018,February,90.162
Cheese,2018,March,94.741
Cheese,2018,April,103.607
Cheese,2018,May,108.182
Cheese,2018,June,95.358
Cheese,2018,July,105.667
Cheese,2018,August,104.227
Cheese,2018,September,105.522
Cheese,2018,October,140.254
Cheese,2018,November,120.395
Cheese,2018,December,113.109
Grains & feeds,2018,January,1058.346
Grains & feeds,2018,February,970.516
Grains & feeds,2018,March,1086.297
Grains & feeds,2018,April,1115.365
Grains & feeds,2018,May,1131.217
Grains & feeds,2018,June,1105.849
Grains & feeds,2018,July,1153.247
Grains & feeds,2018,August,1202.561
Grains & feeds,2018,September,1162.545
Grains & feeds,2018,October,1323.821
Grains & feeds,2018,November,1183.915
Grains & feeds,2018,December,1167.509
Grain products,2018,January,698.04
Grain products,2018,February,654.373
Grain products,2018,March,723.153
Grain products,2018,April,726.401
Grain products,2018,May,756.339
Grain products,2018,June,739.299
Grain products,2018,July,758.415
Grain products,2018,August,820.648
Grain products,2018,September,825.149
Grain products,2018,October,964.37
Grain products,2018,November,861.82
Grain products,2018,December,783.83
Oilseeds & products,2018,January,912.432
Oilseeds & products,2018,February,780.715
Oilseeds & products,2018,March,870.091
Oilseeds & products,2018,April,852.857
Oilseeds & products,2018,May,812.391
Oilseeds & products,2018,June,726.182
Oilseeds & products,2018,July,779.079
Oilseeds & products,2018,August,728.707
Oilseeds & products,2018,September,628.522
Oilseeds & products,2018,October,724.824
Oilseeds & products,2018,November,680.074
Oilseeds & products,2018,December,745.688
Vegetable oils,2018,January,718.945
Vegetable oils,2018,February,631.443
Vegetable oils,2018,March,657.463
Vegetable oils,2018,April,640.07
Vegetable oils,2018,May,623.019
Vegetable oils,2018,June,530.468
Vegetable oils,2018,July,584.547
Vegetable oils,2018,August,574.867
Vegetable oils,2018,September,490.224
Vegetable oils,2018,October,576.538
Vegetable oils,2018,November,500.848
Vegetable oils,2018,December,560.981
Fruits & preparations,2018,January,1787.326
Fruits & preparations,2018,February,1659.074
Fruits & preparations,2018,March,1763.643
Fruits & preparations,2018,April,1624.787
Fruits & preparations,2018,May,1542.592
Fruits & preparations,2018,June,1354.542
Fruits & preparations,2018,July,1220.81
Fruits & preparations,2018,August,1289.171
Fruits & preparations,2018,September,1062.286
Fruits & preparations,2018,October,1324.217
Fruits & preparations,2018,November,1223.441
Fruits & preparations,2018,December,1384.984
"Fruits, fresh or frozen",2018,January,1512.881
"Fruits, fresh or frozen",2018,February,1417.354
"Fruits, fresh or frozen",2018,March,1502.432
"Fruits, fresh or frozen",2018,April,1357.217
"Fruits, fresh or frozen",2018,May,1254.863
"Fruits, fresh or frozen",2018,June,1081.747
"Fruits, fresh or frozen",2018,July,926.512
"Fruits, fresh or frozen",2018,August,1000.251
"Fruits, fresh or frozen",2018,September,797.379
"Fruits, fresh or frozen",2018,October,1037.198
"Fruits, fresh or frozen",2018,November,958.145
"Fruits, fresh or frozen",2018,December,1100.447
"Fruits, prepared or preserved",2018,January,274.445
"Fruits, prepared or preserved",2018,February,241.72
"Fruits, prepared or preserved",2018,March,261.211
"Fruits, prepared or preserved",2018,April,267.57
"Fruits, prepared or preserved",2018,May,287.729
"Fruits, prepared or preserved",2018,June,272.794
"Fruits, prepared or preserved",2018,July,294.298
"Fruits, prepared or preserved",2018,August,288.92
"Fruits, prepared or preserved",2018,September,264.907
"Fruits, prepared or preserved",2018,October,287.019
"Fruits, prepared or preserved",2018,November,265.296
"Fruits, prepared or preserved",2018,December,284.537
Fruit juices,2018,January,181.91
Fruit juices,2018,February,189.976
Fruit juices,2018,March,207.529
Fruit juices,2018,April,204.601
Fruit juices,2018,May,217.706
Fruit juices,2018,June,169.081
Fruit juices,2018,July,147.754
Fruit juices,2018,August,169.29
Fruit juices,2018,September,164.783
Fruit juices,2018,October,172.252
Fruit juices,2018,November,193.955
Fruit juices,2018,December,212.077
Vegetables & preparations,2018,January,1452.142
Vegetables & preparations,2018,February,1255.699
Vegetables & preparations,2018,March,1385.03
Vegetables & preparations,2018,April,1227.97
Vegetables & preparations,2018,May,1201.512
Vegetables & preparations,2018,June,1071.903
Vegetables & preparations,2018,July,1056.971
Vegetables & preparations,2018,August,1048.752
Vegetables & preparations,2018,September,1009.946
Vegetables & preparations,2018,October,1210.129
Vegetables & preparations,2018,November,1224.777
Vegetables & preparations,2018,December,1359.439
"Vegetables, fresh or frozen",2018,January,1146.936
"Vegetables, fresh or frozen",2018,February,971.541
"Vegetables, fresh or frozen",2018,March,1070.853
"Vegetables, fresh or frozen",2018,April,912.925
"Vegetables, fresh or frozen",2018,May,878.667
"Vegetables, fresh or frozen",2018,June,757.139
"Vegetables, fresh or frozen",2018,July,735.597
"Vegetables, fresh or frozen",2018,August,739.529
"Vegetables, fresh or frozen",2018,September,722.494
"Vegetables, fresh or frozen",2018,October,874.789
"Vegetables, fresh or frozen",2018,November,910.669
"Vegetables, fresh or frozen",2018,December,1014.069
"Vegetables, prepared or preserved",2018,January,280.458
"Vegetables, prepared or preserved",2018,February,262.87
"Vegetables, prepared or preserved",2018,March,291.323
"Vegetables, prepared or preserved",2018,April,289.042
"Vegetables, prepared or preserved",2018,May,297.497
"Vegetables, prepared or preserved",2018,June,294.121
"Vegetables, prepared or preserved",2018,July,293.612
"Vegetables, prepared or preserved",2018,August,288.222
"Vegetables, prepared or preserved",2018,September,268.411
"Vegetables, prepared or preserved",2018,October,309.214
"Vegetables, prepared or preserved",2018,November,294.819
"Vegetables, prepared or preserved",2018,December,324.108
Tree nuts & preparations,2018,January,298.808
Tree nuts & preparations,2018,February,250.318
Tree nuts & preparations,2018,March,221.647
Tree nuts & preparations,2018,April,265.679
Tree nuts & preparations,2018,May,312.644
Tree nuts & preparations,2018,June,312.761
Tree nuts & preparations,2018,July,302.213
Tree nuts & preparations,2018,August,317.06
Tree nuts & preparations,2018,September,270.51
Tree nuts & preparations,2018,October,307.186
Tree nuts & preparations,2018,November,336.085
Tree nuts & preparations,2018,December,310.137
Cotton & linters,2018,January,0.314
Cotton & linters,2018,February,0.253
Cotton & linters,2018,March,0.394
Cotton & linters,2018,April,0.376
Cotton & linters,2018,May,0.56
Cotton & linters,2018,June,0.535
Cotton & linters,2018,July,0
Cotton & linters,2018,August,0.417
Cotton & linters,2018,September,0.68
Cotton & linters,2018,October,0.002
Cotton & linters,2018,November,0.007
Cotton & linters,2018,December,0.426
Wine,2018,January,461.722
Wine,2018,February,491.998
Wine,2018,March,555.326
Wine,2018,April,587.44
Wine,2018,May,549.313
Wine,2018,June,495.293
Wine,2018,July,542.276
Wine,2018,August,549.543
Wine,2018,September,468.211
Wine,2018,October,612.625
Wine,2018,November,525.87
Wine,2018,December,500.623
Malt beverages,2018,January,423.314
Malt beverages,2018,February,394.034
Malt beverages,2018,March,455.7
Malt beverages,2018,April,477.519
Malt beverages,2018,May,528.295
Malt beverages,2018,June,473.189
Malt beverages,2018,July,500.531
Malt beverages,2018,August,483.156
Malt beverages,2018,September,426.949
Malt beverages,2018,October,428.004
Malt beverages,2018,November,376.757
Malt beverages,2018,December,384.425
Essential oils,2018,January,254.351
Essential oils,2018,February,290.917
Essential oils,2018,March,244.869
Essential oils,2018,April,269.105
Essential oils,2018,May,278.686
Essential oils,2018,June,251.675
Essential oils,2018,July,294.228
Essential oils,2018,August,212.697
Essential oils,2018,September,242.262
Essential oils,2018,October,279.635
Essential oils,2018,November,234.071
Essential oils,2018,December,315.786
Cut flowers & nursery stock,2018,January,207.647
Cut flowers & nursery stock,2018,February,224.697
Cut flowers & nursery stock,2018,March,160.353
Cut flowers & nursery stock,2018,April,208.723
Cut flowers & nursery stock,2018,May,258.042
Cut flowers & nursery stock,2018,June,130.542
Cut flowers & nursery stock,2018,July,117.623
Cut flowers & nursery stock,2018,August,136.068
Cut flowers & nursery stock,2018,September,148.482
Cut flowers & nursery stock,2018,October,158.586
Cut flowers & nursery stock,2018,November,195.73
Cut flowers & nursery stock,2018,December,151.421
Sugar & related products,2018,January,368.268
Sugar & related products,2018,February,335.09
Sugar & related products,2018,March,425.655
Sugar & related products,2018,April,429.014
Sugar & related products,2018,May,449.781
Sugar & related products,2018,June,355.828
Sugar & related products,2018,July,426.769
Sugar & related products,2018,August,401.288
Sugar & related products,2018,September,373.504
Sugar & related products,2018,October,415.509
Sugar & related products,2018,November,379.341
Sugar & related products,2018,December,312.633
Confections,2018,January,141.933
Confections,2018,February,138.251
Confections,2018,March,155.032
Confections,2018,April,152.203
Confections,2018,May,167.745
Confections,2018,June,158.333
Confections,2018,July,176.066
Confections,2018,August,174.208
Confections,2018,September,157.582
Confections,2018,October,175.16
Confections,2018,November,161.002
Confections,2018,December,147.193
Cocoa & products,2018,January,458.188
Cocoa & products,2018,February,419.661
Cocoa & products,2018,March,420.949
Cocoa & products,2018,April,420.185
Cocoa & products,2018,May,378.038
Cocoa & products,2018,June,324.201
Cocoa & products,2018,July,369.755
Cocoa & products,2018,August,400.153
Cocoa & products,2018,September,360.366
Cocoa & products,2018,October,404.487
Cocoa & products,2018,November,380.619
Cocoa & products,2018,December,377.698
Coffee & products,2018,January,479.062
Coffee & products,2018,February,494.651
Coffee & products,2018,March,520.749
Coffee & products,2018,April,533.925
Coffee & products,2018,May,567.3
Coffee & products,2018,June,522.925
Coffee & products,2018,July,523.036
Coffee & products,2018,August,509.912
Coffee & products,2018,September,433.247
Coffee & products,2018,October,503.372
Coffee & products,2018,November,477.169
Coffee & products,2018,December,488.134
"Rubber, natural",2018,January,134.639
"Rubber, natural",2018,February,119.164
"Rubber, natural",2018,March,151.266
"Rubber, natural",2018,April,121.139
"Rubber, natural",2018,May,161.682
"Rubber, natural",2018,June,136.741
"Rubber, natural",2018,July,100.76
"Rubber, natural",2018,August,130.215
"Rubber, natural",2018,September,131.722
"Rubber, natural",2018,October,143.764
"Rubber, natural",2018,November,106.165
"Rubber, natural",2018,December,101.078
Live animals,2019,January,256.302
Live animals,2019,February,239.602
Live animals,2019,March,264.271
Live animals,2019,April,282.324
Live animals,2019,May,232.136
Live animals,2019,June,194.69
Live animals,2019,July,176.231
Live animals,2019,August,164.743
Live animals,2019,September,179.904
Live animals,2019,October,262.701
Live animals,2019,November,281.26
Live animals,2019,December,290.661
Red meats & products,2019,January,771.183
Red meats & products,2019,February,643.57
Red meats & products,2019,March,831.525
Red meats & products,2019,April,818.314
Red meats & products,2019,May,833.655
Red meats & products,2019,June,749.337
Red meats & products,2019,July,783.522
Red meats & products,2019,August,771.271
Red meats & products,2019,September,700.353
Red meats & products,2019,October,750.579
Red meats & products,2019,November,751.828
Red meats & products,2019,December,739.769
Beef & veal,2019,January,477.428
Beef & veal,2019,February,406.024
Beef & veal,2019,March,524.243
Beef & veal,2019,April,523.509
Beef & veal,2019,May,569.994
Beef & veal,2019,June,512.328
Beef & veal,2019,July,516.858
Beef & veal,2019,August,518.777
Beef & veal,2019,September,478.669
Beef & veal,2019,October,492.851
Beef & veal,2019,November,503.465
Beef & veal,2019,December,472.866
Pork,2019,January,126.649
Pork,2019,February,118.919
Pork,2019,March,135.45
Pork,2019,April,124.174
Pork,2019,May,120.936
Pork,2019,June,115.543
Pork,2019,July,124.179
Pork,2019,August,129.461
Pork,2019,September,116.512
Pork,2019,October,132.788
Pork,2019,November,119.438
Pork,2019,December,114.348
Dairy products,2019,January,231.682
Dairy products,2019,February,212.921
Dairy products,2019,March,222.159
Dairy products,2019,April,259.233
Dairy products,2019,May,294.844
Dairy products,2019,June,274.933
Dairy products,2019,July,303.165
Dairy products,2019,August,262.79
Dairy products,2019,September,276.615
Dairy products,2019,October,285.902
Dairy products,2019,November,238.304
Dairy products,2019,December,248.671
Cheese,2019,January,90.307
Cheese,2019,February,90.328
Cheese,2019,March,104.254
Cheese,2019,April,105.546
Cheese,2019,May,105.765
Cheese,2019,June,99.796
Cheese,2019,July,111.631
Cheese,2019,August,121.367
Cheese,2019,September,144.776
Cheese,2019,October,139.602
Cheese,2019,November,100.592
Cheese,2019,December,94.794
Grains & feeds,2019,January,1147.349
Grains & feeds,2019,February,999.453
Grains & feeds,2019,March,1169.419
Grains & feeds,2019,April,1150.914
Grains & feeds,2019,May,1138.722
Grains & feeds,2019,June,1074.011
Grains & feeds,2019,July,1180.526
Grains & feeds,2019,August,1210.448
Grains & feeds,2019,September,1220.894
Grains & feeds,2019,October,1358.511
Grains & feeds,2019,November,1206.164
Grains & feeds,2019,December,1200.013
Grain products,2019,January,783.875
Grain products,2019,February,713.477
Grain products,2019,March,800.956
Grain products,2019,April,784.791
Grain products,2019,May,811.948
Grain products,2019,June,772.235
Grain products,2019,July,863.092
Grain products,2019,August,862.131
Grain products,2019,September,894.977
Grain products,2019,October,980.948
Grain products,2019,November,872.29
Grain products,2019,December,820.527
Oilseeds & products,2019,January,703.343
Oilseeds & products,2019,February,677.541
Oilseeds & products,2019,March,743.264
Oilseeds & products,2019,April,751.794
Oilseeds & products,2019,May,739.836
Oilseeds & products,2019,June,676.154
Oilseeds & products,2019,July,767.585
Oilseeds & products,2019,August,699.947
Oilseeds & products,2019,September,640.542
Oilseeds & products,2019,October,727.261
Oilseeds & products,2019,November,661.021
Oilseeds & products,2019,December,727.41
Vegetable oils,2019,January,527.161
Vegetable oils,2019,February,513.702
Vegetable oils,2019,March,550.735
Vegetable oils,2019,April,546.282
Vegetable oils,2019,May,549.633
Vegetable oils,2019,June,491.457
Vegetable oils,2019,July,593.255
Vegetable oils,2019,August,520.859
Vegetable oils,2019,September,483.62
Vegetable oils,2019,October,552.001
Vegetable oils,2019,November,499.081
Vegetable oils,2019,December,533.98
Fruits & preparations,2019,January,1749.15
Fruits & preparations,2019,February,1643.439
Fruits & preparations,2019,March,1827.133
Fruits & preparations,2019,April,1795.291
Fruits & preparations,2019,May,1649.518
Fruits & preparations,2019,June,1536.833
Fruits & preparations,2019,July,1354.992
Fruits & preparations,2019,August,1211.086
Fruits & preparations,2019,September,1230.574
Fruits & preparations,2019,October,1320.292
Fruits & preparations,2019,November,1283.18
Fruits & preparations,2019,December,1534.402
"Fruits, fresh or frozen",2019,January,1500.271
"Fruits, fresh or frozen",2019,February,1418.654
"Fruits, fresh or frozen",2019,March,1573.538
"Fruits, fresh or frozen",2019,April,1543.515
"Fruits, fresh or frozen",2019,May,1386.488
"Fruits, fresh or frozen",2019,June,1285.155
"Fruits, fresh or frozen",2019,July,1080.174
"Fruits, fresh or frozen",2019,August,930.69
"Fruits, fresh or frozen",2019,September,962.21
"Fruits, fresh or frozen",2019,October,1052.61
"Fruits, fresh or frozen",2019,November,1045.351
"Fruits, fresh or frozen",2019,December,1281.648
"Fruits, prepared or preserved",2019,January,248.88
"Fruits, prepared or preserved",2019,February,224.785
"Fruits, prepared or preserved",2019,March,253.595
"Fruits, prepared or preserved",2019,April,251.776
"Fruits, prepared or preserved",2019,May,263.03
"Fruits, prepared or preserved",2019,June,251.678
"Fruits, prepared or preserved",2019,July,274.819
"Fruits, prepared or preserved",2019,August,280.396
"Fruits, prepared or preserved",2019,September,268.364
"Fruits, prepared or preserved",2019,October,267.682
"Fruits, prepared or preserved",2019,November,237.829
"Fruits, prepared or preserved",2019,December,252.754
Fruit juices,2019,January,204.232
Fruit juices,2019,February,190.364
Fruit juices,2019,March,194.2
Fruit juices,2019,April,230.51
Fruit juices,2019,May,187.897
Fruit juices,2019,June,144.391
Fruit juices,2019,July,137.052
Fruit juices,2019,August,155.985
Fruit juices,2019,September,170.431
Fruit juices,2019,October,153.947
Fruit juices,2019,November,155.477
Fruit juices,2019,December,181.337
Vegetables & preparations,2019,January,1482.703
Vegetables & preparations,2019,February,1286.358
Vegetables & preparations,2019,March,1487.483
Vegetables & preparations,2019,April,1347.805
Vegetables & preparations,2019,May,1246.232
Vegetables & preparations,2019,June,1084.977
Vegetables & preparations,2019,July,1117.967
Vegetables & preparations,2019,August,1070.171
Vegetables & preparations,2019,September,1090.407
Vegetables & preparations,2019,October,1266.137
Vegetables & preparations,2019,November,1256.909
Vegetables & preparations,2019,December,1386.046
"Vegetables, fresh or frozen",2019,January,1180.37
"Vegetables, fresh or frozen",2019,February,1016.21
"Vegetables, fresh or frozen",2019,March,1172.6
"Vegetables, fresh or frozen",2019,April,1024.843
"Vegetables, fresh or frozen",2019,May,923.475
"Vegetables, fresh or frozen",2019,June,779.768
"Vegetables, fresh or frozen",2019,July,793.181
"Vegetables, fresh or frozen",2019,August,768.602
"Vegetables, fresh or frozen",2019,September,792.108
"Vegetables, fresh or frozen",2019,October,930.893
"Vegetables, fresh or frozen",2019,November,966.769
"Vegetables, fresh or frozen",2019,December,1067.381
"Vegetables, prepared or preserved",2019,January,279.097
"Vegetables, prepared or preserved",2019,February,252.327
"Vegetables, prepared or preserved",2019,March,296.047
"Vegetables, prepared or preserved",2019,April,296.204
"Vegetables, prepared or preserved",2019,May,300.288
"Vegetables, prepared or preserved",2019,June,288.6
"Vegetables, prepared or preserved",2019,July,307.283
"Vegetables, prepared or preserved",2019,August,283.326
"Vegetables, prepared or preserved",2019,September,277.857
"Vegetables, prepared or preserved",2019,October,313.605
"Vegetables, prepared or preserved",2019,November,274.335
"Vegetables, prepared or preserved",2019,December,300.39
Tree nuts & preparations,2019,January,304.537
Tree nuts & preparations,2019,February,233.45
Tree nuts & preparations,2019,March,228.601
Tree nuts & preparations,2019,April,248.245
Tree nuts & preparations,2019,May,267.156
Tree nuts & preparations,2019,June,251.713
Tree nuts & preparations,2019,July,258.099
Tree nuts & preparations,2019,August,271.71
Tree nuts & preparations,2019,September,263.592
Tree nuts & preparations,2019,October,278.377
Tree nuts & preparations,2019,November,279.809
Tree nuts & preparations,2019,December,293.767
Cotton & linters,2019,January,0.044
Cotton & linters,2019,February,0
Cotton & linters,2019,March,0.005
Cotton & linters,2019,April,0.08
Cotton & linters,2019,May,0.636
Cotton & linters,2019,June,0.108
Cotton & linters,2019,July,0.084
Cotton & linters,2019,August,0.026
Cotton & linters,2019,September,0.01
Cotton & linters,2019,October,0.432
Cotton & linters,2019,November,0.029
Cotton & linters,2019,December,0.245
Wine,2019,January,484.358
Wine,2019,February,401.262
Wine,2019,March,578.171
Wine,2019,April,585.51
Wine,2019,May,584.445
Wine,2019,June,534.388
Wine,2019,July,570.459
Wine,2019,August,563.017
Wine,2019,September,502.055
Wine,2019,October,624.303
Wine,2019,November,488.61
Wine,2019,December,442.434
Malt beverages,2019,January,374.02
Malt beverages,2019,February,379.104
Malt beverages,2019,March,522.89
Malt beverages,2019,April,547.81
Malt beverages,2019,May,552.412
Malt beverages,2019,June,511.923
Malt beverages,2019,July,551.807
Malt beverages,2019,August,471.709
Malt beverages,2019,September,448.921
Malt beverages,2019,October,485.461
Malt beverages,2019,November,441.49
Malt beverages,2019,December,354.224
Essential oils,2019,January,266.79
Essential oils,2019,February,141.747
Essential oils,2019,March,214.365
Essential oils,2019,April,245.116
Essential oils,2019,May,296.061
Essential oils,2019,June,274.05
Essential oils,2019,July,251.515
Essential oils,2019,August,235.477
Essential oils,2019,September,243.727
Essential oils,2019,October,243.706
Essential oils,2019,November,251.015
Essential oils,2019,December,237.201
Cut flowers & nursery stock,2019,January,241.565
Cut flowers & nursery stock,2019,February,226.889
Cut flowers & nursery stock,2019,March,154.156
Cut flowers & nursery stock,2019,April,271.945
Cut flowers & nursery stock,2019,May,238.885
Cut flowers & nursery stock,2019,June,138.842
Cut flowers & nursery stock,2019,July,127.627
Cut flowers & nursery stock,2019,August,143.369
Cut flowers & nursery stock,2019,September,156.928
Cut flowers & nursery stock,2019,October,170.956
Cut flowers & nursery stock,2019,November,205.695
Cut flowers & nursery stock,2019,December,159.174
Sugar & related products,2019,January,390.471
Sugar & related products,2019,February,368.158
Sugar & related products,2019,March,405.145
Sugar & related products,2019,April,415.654
Sugar & related products,2019,May,370.836
Sugar & related products,2019,June,363.199
Sugar & related products,2019,July,386.139
Sugar & related products,2019,August,408.453
Sugar & related products,2019,September,348.816
Sugar & related products,2019,October,438.32
Sugar & related products,2019,November,407.873
Sugar & related products,2019,December,364.255
Confections,2019,January,141.955
Confections,2019,February,145.754
Confections,2019,March,154.529
Confections,2019,April,163.61
Confections,2019,May,165.459
Confections,2019,June,156.615
Confections,2019,July,169.133
Confections,2019,August,176.589
Confections,2019,September,161.845
Confections,2019,October,176.955
Confections,2019,November,167.024
Confections,2019,December,158.251
Cocoa & products,2019,January,413.693
Cocoa & products,2019,February,437.744
Cocoa & products,2019,March,418.894
Cocoa & products,2019,April,455.783
Cocoa & products,2019,May,441.446
Cocoa & products,2019,June,373.821
Cocoa & products,2019,July,410.531
Cocoa & products,2019,August,406.433
Cocoa & products,2019,September,414.111
Cocoa & products,2019,October,446.183
Cocoa & products,2019,November,354.493
Cocoa & products,2019,December,404.581
Coffee & products,2019,January,505.329
Coffee & products,2019,February,440.728
Coffee & products,2019,March,514.228
Coffee & products,2019,April,519.159
Coffee & products,2019,May,600.52
Coffee & products,2019,June,531.573
Coffee & products,2019,July,555.169
Coffee & products,2019,August,545.794
Coffee & products,2019,September,481.622
Coffee & products,2019,October,471.826
Coffee & products,2019,November,437.217
Coffee & products,2019,December,494.968
"Rubber, natural",2019,January,145.631
"Rubber, natural",2019,February,90.25
"Rubber, natural",2019,March,142.909
"Rubber, natural",2019,April,132.012
"Rubber, natural",2019,May,128.019
"Rubber, natural",2019,June,137.913
"Rubber, natural",2019,July,104.231
"Rubber, natural",2019,August,154.056
"Rubber, natural",2019,September,127.167
"Rubber, natural",2019,October,113.768
"Rubber, natural",2019,November,145.492
"Rubber, natural",2019,December,102.062
Live animals,2021,January,257.656
Live animals,2021,February,237.78
Live animals,2021,March,281.916
Live animals,2021,April,281.824
Live animals,2021,May,228.239
Live animals,2021,June,232.91
Live animals,2021,July,229.561
Live animals,2021,August,264.329
Live animals,2021,September,280.804
Red meats and products,2021,January,732.322
Red meats and products,2021,February,650.821
Red meats and products,2021,March,915.208
Red meats and products,2021,April,940.082
Red meats and products,2021,May,974.533
Red meats and products,2021,June,1206.685
Red meats and products,2021,July,1123.271
Red meats and products,2021,August,1237.815
Red meats and products,2021,September,1148.751
Beef and veal,2021,January,473.641
Beef and veal,2021,February,436.503
Beef and veal,2021,March,587.348
Beef and veal,2021,April,625.962
Beef and veal,2021,May,665.406
Beef and veal,2021,June,803.665
Beef and veal,2021,July,760.909
Beef and veal,2021,August,830.397
Beef and veal,2021,September,754.358
Pork,2021,January,131.3
Pork,2021,February,126.923
Pork,2021,March,155.99
Pork,2021,April,162.582
Pork,2021,May,148.178
Pork,2021,June,187.496
Pork,2021,July,172.481
Pork,2021,August,203.44
Pork,2021,September,194.695
Dairy products,2021,January,260.69
Dairy products,2021,February,225.466
Dairy products,2021,March,332.916
Dairy products,2021,April,313.551
Dairy products,2021,May,322.229
Dairy products,2021,June,383.9
Dairy products,2021,July,344.648
Dairy products,2021,August,320.776
Dairy products,2021,September,363.056
Cheese,2021,January,102.418
Cheese,2021,February,89.174
Cheese,2021,March,110.972
Cheese,2021,April,111.875
Cheese,2021,May,111.836
Cheese,2021,June,142.495
Cheese,2021,July,128.32
Cheese,2021,August,129.517
Cheese,2021,September,147.295
Grains and feeds,2021,January,1229.706
Grains and feeds,2021,February,1117.948
Grains and feeds,2021,March,1358.167
Grains and feeds,2021,April,1329.033
Grains and feeds,2021,May,1351.694
Grains and feeds,2021,June,1369.711
Grains and feeds,2021,July,1433.46
Grains and feeds,2021,August,1522.933
Grains and feeds,2021,September,1524.022
Grain products,2021,January,888.344
Grain products,2021,February,811.508
Grain products,2021,March,973.394
Grain products,2021,April,934.444
Grain products,2021,May,973.463
Grain products,2021,June,997.355
Grain products,2021,July,982.798
Grain products,2021,August,1099.588
Grain products,2021,September,1077.72
Oilseeds and products,2021,January,918.924
Oilseeds and products,2021,February,792.12
Oilseeds and products,2021,March,973.002
Oilseeds and products,2021,April,1104.877
Oilseeds and products,2021,May,1086.447
Oilseeds and products,2021,June,1270.979
Oilseeds and products,2021,July,1364.371
Oilseeds and products,2021,August,1099.401
Oilseeds and products,2021,September,1208.126
Vegetable oils,2021,January,692.445
Vegetable oils,2021,February,596.646
Vegetable oils,2021,March,715.733
Vegetable oils,2021,April,848.381
Vegetable oils,2021,May,852.179
Vegetable oils,2021,June,916.337
Vegetable oils,2021,July,1093.835
Vegetable oils,2021,August,890.417
Vegetable oils,2021,September,1029.549
Fruits and preparations,2021,January,1819.917
Fruits and preparations,2021,February,1895.154
Fruits and preparations,2021,March,2261.838
Fruits and preparations,2021,April,1957.641
Fruits and preparations,2021,May,1828.448
Fruits and preparations,2021,June,1736.692
Fruits and preparations,2021,July,1431.266
Fruits and preparations,2021,August,1469.102
Fruits and preparations,2021,September,1498.555
"Fruits, fresh or frozen",2021,January,1530.746
"Fruits, fresh or frozen",2021,February,1644.214
"Fruits, fresh or frozen",2021,March,1959.8
"Fruits, fresh or frozen",2021,April,1656.189
"Fruits, fresh or frozen",2021,May,1509.231
"Fruits, fresh or frozen",2021,June,1425.06
"Fruits, fresh or frozen",2021,July,1117.469
"Fruits, fresh or frozen",2021,August,1144.863
"Fruits, fresh or frozen",2021,September,1181.63
"Fruits, prepared or preserved",2021,January,289.171
"Fruits, prepared or preserved",2021,February,250.94
"Fruits, prepared or preserved",2021,March,302.039
"Fruits, prepared or preserved",2021,April,301.452
"Fruits, prepared or preserved",2021,May,319.218
"Fruits, prepared or preserved",2021,June,311.632
"Fruits, prepared or preserved",2021,July,313.797
"Fruits, prepared or preserved",2021,August,324.24
"Fruits, prepared or preserved",2021,September,316.925
Fruit juices,2021,January,173.276
Fruit juices,2021,February,181.695
Fruit juices,2021,March,203.936
Fruit juices,2021,April,199.627
Fruit juices,2021,May,174.576
Fruit juices,2021,June,175.065
Fruit juices,2021,July,188.999
Fruit juices,2021,August,167.167
Fruit juices,2021,September,182.023
Vegetables and preparations,2021,January,1664.875
Vegetables and preparations,2021,February,1514.605
Vegetables and preparations,2021,March,1667.846
Vegetables and preparations,2021,April,1566.297
Vegetables and preparations,2021,May,1531.41
Vegetables and preparations,2021,June,1463.971
Vegetables and preparations,2021,July,1383.34
Vegetables and preparations,2021,August,1366.847
Vegetables and preparations,2021,September,1350.703
"Vegetables, fresh or frozen",2021,January,1308.972
"Vegetables, fresh or frozen",2021,February,1193.234
"Vegetables, fresh or frozen",2021,March,1291.432
"Vegetables, fresh or frozen",2021,April,1170.452
"Vegetables, fresh or frozen",2021,May,1119.511
"Vegetables, fresh or frozen",2021,June,1029.313
"Vegetables, fresh or frozen",2021,July,991.704
"Vegetables, fresh or frozen",2021,August,959.831
"Vegetables, fresh or frozen",2021,September,979.165
"Vegetables, prepared or preserved",2021,January,335.864
"Vegetables, prepared or preserved",2021,February,302.615
"Vegetables, prepared or preserved",2021,March,350.342
"Vegetables, prepared or preserved",2021,April,368.353
"Vegetables, prepared or preserved",2021,May,382.504
"Vegetables, prepared or preserved",2021,June,408.597
"Vegetables, prepared or preserved",2021,July,364.621
"Vegetables, prepared or preserved",2021,August,376.662
"Vegetables, prepared or preserved",2021,September,342.557
Tree nuts and preparations,2021,January,235.18
Tree nuts and preparations,2021,February,208.441
Tree nuts and preparations,2021,March,242.415
Tree nuts and preparations,2021,April,217.784
Tree nuts and preparations,2021,May,249.411
Tree nuts and preparations,2021,June,248.831
Tree nuts and preparations,2021,July,291.585
Tree nuts and preparations,2021,August,286.233
Tree nuts and preparations,2021,September,288.544
Cotton and linters,2021,January,1.79
Cotton and linters,2021,February,1.636
Cotton and linters,2021,March,1.556
Cotton and linters,2021,April,1.117
Cotton and linters,2021,May,1.479
Cotton and linters,2021,June,1.702
Cotton and linters,2021,July,2.911
Cotton and linters,2021,August,3.425
Cotton and linters,2021,September,2.35
"Tobacco, manufactured",2021,January,113.806
"Tobacco, manufactured",2021,February,146.569
"Tobacco, manufactured",2021,March,163.604
"Tobacco, manufactured",2021,April,145.857
"Tobacco, manufactured",2021,May,158.654
"Tobacco, manufactured",2021,June,166.729
"Tobacco, manufactured",2021,July,167.272
"Tobacco, manufactured",2021,August,161.82
"Tobacco, manufactured",2021,September,158.17
Wine,2021,January,494.305
Wine,2021,February,426.871
Wine,2021,March,494.078
Wine,2021,April,601.426
Wine,2021,May,634.269
Wine,2021,June,788.486
Wine,2021,July,772.087
Wine,2021,August,680.376
Wine,2021,September,608.296
Malt beverages,2021,January,513.042
Malt beverages,2021,February,402.697
Malt beverages,2021,March,481.758
Malt beverages,2021,April,559.076
Malt beverages,2021,May,574.156
Malt beverages,2021,June,612.748
Malt beverages,2021,July,587.998
Malt beverages,2021,August,598.385
Malt beverages,2021,September,535.429
Distilled spirits,2021,January,607.258
Distilled spirits,2021,February,547.673
Distilled spirits,2021,March,798.209
Distilled spirits,2021,April,787.795
Distilled spirits,2021,May,887.305
Distilled spirits,2021,June,986.71
Distilled spirits,2021,July,1041.599
Distilled spirits,2021,August,881.107
Distilled spirits,2021,September,905.496
Essential oils,2021,January,11.384
Essential oils,2021,February,9.156
Essential oils,2021,March,8.918
Essential oils,2021,April,9.834
Essential oils,2021,May,15.487
Essential oils,2021,June,13.108
Essential oils,2021,July,14.094
Essential oils,2021,August,13.632
Essential oils,2021,September,15.158
Cut flowers and nursery stock,2021,January,268.886
Cut flowers and nursery stock,2021,February,284.233
Cut flowers and nursery stock,2021,March,230.743
Cut flowers and nursery stock,2021,April,363.465
Cut flowers and nursery stock,2021,May,296.289
Cut flowers and nursery stock,2021,June,199.096
Cut flowers and nursery stock,2021,July,179.583
Cut flowers and nursery stock,2021,August,203.513
Cut flowers and nursery stock,2021,September,229.917
Sugar and related products,2021,January,91.424
Sugar and related products,2021,February,142.283
Sugar and related products,2021,March,153.016
Sugar and related products,2021,April,162.724
Sugar and related products,2021,May,195.363
Sugar and related products,2021,June,126.74
Sugar and related products,2021,July,136.816
Sugar and related products,2021,August,141.063
Sugar and related products,2021,September,139.355
Confections,2021,January,85.765
Confections,2021,February,88.924
Confections,2021,March,115.125
Confections,2021,April,103.056
Confections,2021,May,123.801
Confections,2021,June,136.132
Confections,2021,July,130.71
Confections,2021,August,143.514
Confections,2021,September,125.772
Cocoa and products,2021,January,456.72
Cocoa and products,2021,February,488.261
Cocoa and products,2021,March,549.65
Cocoa and products,2021,April,592.296
Cocoa and products,2021,May,614.664
Cocoa and products,2021,June,622.09
Cocoa and products,2021,July,687.954
Cocoa and products,2021,August,716.541
Cocoa and products,2021,September,566.443
Coffee and products,2021,January,58.664
Coffee and products,2021,February,54.563
Coffee and products,2021,March,63.872
Coffee and products,2021,April,64.466
Coffee and products,2021,May,77.018
Coffee and products,2021,June,65.331
Coffee and products,2021,July,76.5
Coffee and products,2021,August,75.207
Coffee and products,2021,September,64.545
Live animals,2020,January,260.503
Red meats & products,2020,January,785.739
Beef & veal,2020,January,521.232
Pork,2020,January,115.101
Dairy products,2020,January,246.232
Cheese,2020,January,94.745
Grains & feeds,2020,January,1177.242
Grain products,2020,January,797.896
Oilseeds & products,2020,January,692.617
Vegetable oils,2020,January,497.579
Fruits & preparations,2020,January,1869.632
"Fruits, fresh or frozen",2020,January,1596.448
"Fruits, prepared or preserved",2020,January,273.184
Fruit juices,2020,January,162.887
Vegetables & preparations,2020,January,1625.789
"Vegetables, fresh or frozen",2020,January,1307.706
"Vegetables, prepared or preserved",2020,January,294.416
Tree nuts & preparations,2020,January,269.725
Cotton & linters,2020,January,0.051
Wine,2020,January,609.496
Malt beverages,2020,January,443.588
Essential oils,2020,January,218.848
Cut flowers & nursery stock,2020,January,247.406
Sugar & related products,2020,January,366.318
Confections,2020,January,150.957
Cocoa & products,2020,January,423.665
Coffee & products,2020,January,492.632
"Rubber, natural",2020,January,103.599
Live animals,2020,February,211.232
Red meats & products,2020,February,699.323
Beef & veal,2020,February,471.538
Pork,2020,February,104.029
Dairy products,2020,February,267.195
Cheese,2020,February,119.854
Grains & feeds,2020,February,1023.294
Grain products,2020,February,721.084
Oilseeds & products,2020,February,675.421
Vegetable oils,2020,February,500.49
Fruits & preparations,2020,February,1768.267
"Fruits, fresh or frozen",2020,February,1527.826
"Fruits, prepared or preserved",2020,February,240.441
Fruit juices,2020,February,140.309
Vegetables & preparations,2020,February,1452.53
"Vegetables, fresh or frozen",2020,February,1172.897
"Vegetables, prepared or preserved",2020,February,259.003
Tree nuts & preparations,2020,February,206.998
Cotton & linters,2020,February,0.121
Wine,2020,February,488.561
Malt beverages,2020,February,421.997
Essential oils,2020,February,230.829
Cut flowers & nursery stock,2020,February,227.346
Sugar & related products,2020,February,365.639
Confections,2020,February,147.214
Cocoa & products,2020,February,478.816
Coffee & products,2020,February,423.818
"Rubber, natural",2020,February,120.692
Live animals,2020,March,236.925
Red meats & products,2020,March,881.115
Beef & veal,2020,March,585.925
Pork,2020,March,114.375
Dairy products,2020,March,242.516
Cheese,2020,March,83.883
Grains & feeds,2020,March,1249.653
Grain products,2020,March,878.748
Oilseeds & products,2020,March,864.061
Vegetable oils,2020,March,630.44
Fruits & preparations,2020,March,1930.671
"Fruits, fresh or frozen",2020,March,1654.287
"Fruits, prepared or preserved",2020,March,276.384
Fruit juices,2020,March,160.492
Vegetables & preparations,2020,March,1606.815
"Vegetables, fresh or frozen",2020,March,1253.502
"Vegetables, prepared or preserved",2020,March,318.731
Tree nuts & preparations,2020,March,225.29
Cotton & linters,2020,March,0.025
Wine,2020,March,466.019
Malt beverages,2020,March,498.48
Essential oils,2020,March,216.218
Cut flowers & nursery stock,2020,March,135.849
Sugar & related products,2020,March,453.226
Confections,2020,March,163.675
Cocoa & products,2020,March,529.617
Coffee & products,2020,March,543.353
"Rubber, natural",2020,March,127.659
Live animals,2020,April,196.808
Red meats & products,2020,April,738.564
Beef & veal,2020,April,510.579
Pork,2020,April,92.35
Dairy products,2020,April,247.549
Cheese,2020,April,77.922
Grains & feeds,2020,April,1201.219
Grain products,2020,April,766.624
Oilseeds & products,2020,April,775.999
Vegetable oils,2020,April,578.658
Fruits & preparations,2020,April,1554.194
"Fruits, fresh or frozen",2020,April,1277.487
"Fruits, prepared or preserved",2020,April,276.706
Fruit juices,2020,April,180.177
Vegetables & preparations,2020,April,1330.095
"Vegetables, fresh or frozen",2020,April,964.927
"Vegetables, prepared or preserved",2020,April,333.345
Tree nuts & preparations,2020,April,234.355
Cotton & linters,2020,April,0.012
Wine,2020,April,443.567
Malt beverages,2020,April,426.211
Essential oils,2020,April,258.344
Cut flowers & nursery stock,2020,April,192.115
Sugar & related products,2020,April,543.803
Confections,2020,April,153.798
Cocoa & products,2020,April,444.455
Coffee & products,2020,April,545.733
"Rubber, natural",2020,April,145.805
Live animals,2020,May,195.464
Red meats & products,2020,May,861.77
Beef & veal,2020,May,615.048
Pork,2020,May,130.164
Dairy products,2020,May,281.122
Cheese,2020,May,74.509
Grains & feeds,2020,May,1205.415
Grain products,2020,May,821.007
Oilseeds & products,2020,May,749.603
Vegetable oils,2020,May,552.419
Fruits & preparations,2020,May,1522.248
"Fruits, fresh or frozen",2020,May,1241.756
"Fruits, prepared or preserved",2020,May,280.492
Fruit juices,2020,May,156.865
Vegetables & preparations,2020,May,1380.15
"Vegetables, fresh or frozen",2020,May,1036.893
"Vegetables, prepared or preserved",2020,May,315.62
Tree nuts & preparations,2020,May,250.937
Cotton & linters,2020,May,0.331
Wine,2020,May,442.2
Malt beverages,2020,May,316.655
Essential oils,2020,May,280.701
Cut flowers & nursery stock,2020,May,206.502
Sugar & related products,2020,May,456.672
Confections,2020,May,136.933
Cocoa & products,2020,May,376.305
Coffee & products,2020,May,570.457
"Rubber, natural",2020,May,132.273
Live animals,2020,June,208.135
Red meats & products,2020,June,866.682
Beef & veal,2020,June,643.547
Pork,2020,June,120.942
Dairy products,2020,June,277.312
Cheese,2020,June,74.349
Grains & feeds,2020,June,1270.508
Grain products,2020,June,869.478
Oilseeds & products,2020,June,801.89
Vegetable oils,2020,June,604.553
Fruits & preparations,2020,June,1609.354
"Fruits, fresh or frozen",2020,June,1346.832
"Fruits, prepared or preserved",2020,June,262.523
Fruit juices,2020,June,129.029
Vegetables & preparations,2020,June,1290.695
"Vegetables, fresh or frozen",2020,June,960.716
"Vegetables, prepared or preserved",2020,June,301.269
Tree nuts & preparations,2020,June,212.43
Cotton & linters,2020,June,0.29
Wine,2020,June,403.683
Malt beverages,2020,June,448.089
Essential oils,2020,June,205.933
Cut flowers & nursery stock,2020,June,131.533
Sugar & related products,2020,June,431.477
Confections,2020,June,155.577
Cocoa & products,2020,June,401.925
Coffee & products,2020,June,602.91
"Rubber, natural",2020,June,65.276
Live animals,2020,July,179.699
Red meats & products,2020,July,956.428
Beef & veal,2020,July,727.184
Pork,2020,July,113.444
Dairy products,2020,July,289.347
Cheese,2020,July,90.809
Grains & feeds,2020,July,1290.634
Grain products,2020,July,885.62
Oilseeds & products,2020,July,778.567
Vegetable oils,2020,July,578.324
Fruits & preparations,2020,July,1222.476
"Fruits, fresh or frozen",2020,July,945.579
"Fruits, prepared or preserved",2020,July,276.897
Fruit juices,2020,July,137.563
Vegetables & preparations,2020,July,1282.295
"Vegetables, fresh or frozen",2020,July,943.05
"Vegetables, prepared or preserved",2020,July,311.157
Tree nuts & preparations,2020,July,216.245
Cotton & linters,2020,July,0.037
Wine,2020,July,426.128
Malt beverages,2020,July,559.461
Essential oils,2020,July,312.576
Cut flowers & nursery stock,2020,July,146.039
Sugar & related products,2020,July,430.706
Confections,2020,July,160.44
Cocoa & products,2020,July,385.151
Coffee & products,2020,July,510.689
"Rubber, natural",2020,July,61.087
Live animals,2020,August,157.594
Red meats & products,2020,August,911.713
Beef & veal,2020,August,674.282
Pork,2020,August,129.415
Dairy products,2020,August,277.057
Cheese,2020,August,115.2
Grains & feeds,2020,August,1323.221
Grain products,2020,August,944.25
Oilseeds & products,2020,August,759.486
Vegetable oils,2020,August,591.263
Fruits & preparations,2020,August,1311.633
"Fruits, fresh or frozen",2020,August,1024.749
"Fruits, prepared or preserved",2020,August,286.884
Fruit juices,2020,August,122.312
Vegetables & preparations,2020,August,1234.854
"Vegetables, fresh or frozen",2020,August,885.227
"Vegetables, prepared or preserved",2020,August,328.862
Tree nuts & preparations,2020,August,205.644
Cotton & linters,2020,August,0.045
Wine,2020,August,571.36
Malt beverages,2020,August,570.47
Essential oils,2020,August,239.644
Cut flowers & nursery stock,2020,August,155.445
Sugar & related products,2020,August,420.44
Confections,2020,August,164.081
Cocoa & products,2020,August,385.686
Coffee & products,2020,August,454.113
"Rubber, natural",2020,August,71.888
Live animals,2020,September,190.117
Red meats & products,2020,September,830.506
Beef & veal,2020,September,592.365
Pork,2020,September,125.823
Dairy products,2020,September,278.872
Cheese,2020,September,107.585
Grains & feeds,2020,September,1328.259
Grain products,2020,September,973.414
Oilseeds & products,2020,September,699.271
Vegetable oils,2020,September,513.353
Fruits & preparations,2020,September,1307.28
"Fruits, fresh or frozen",2020,September,1026.98
"Fruits, prepared or preserved",2020,September,280.3
Fruit juices,2020,September,140.495
Vegetables & preparations,2020,September,1264.114
"Vegetables, fresh or frozen",2020,September,925.146
"Vegetables, prepared or preserved",2020,September,316.673
Tree nuts & preparations,2020,September,231.694
Cotton & linters,2020,September,0.028
Wine,2020,September,442.542
Malt beverages,2020,September,539.053
Essential oils,2020,September,237.24
Cut flowers & nursery stock,2020,September,179.11
Sugar & related products,2020,September,467.004
Confections,2020,September,168.655
Cocoa & products,2020,September,424.851
Coffee & products,2020,September,435.655
"Rubber, natural",2020,September,79.419
Live animals,2020,October,274.258
Red meats & products,2020,October,781.99
Beef & veal,2020,October,519.074
Pork,2020,October,147.183
Dairy products,2020,October,260.759
Cheese,2020,October,114.676
Grains & feeds,2020,October,1437.383
Grain products,2020,October,1043.378
Oilseeds & products,2020,October,728.778
Vegetable oils,2020,October,523.499
Fruits & preparations,2020,October,1482.12
"Fruits, fresh or frozen",2020,October,1189.824
"Fruits, prepared or preserved",2020,October,292.296
Fruit juices,2020,October,156.342
Vegetables & preparations,2020,October,1418.923
"Vegetables, fresh or frozen",2020,October,1051.591
"Vegetables, prepared or preserved",2020,October,341.407
Tree nuts & preparations,2020,October,248.621
Cotton & linters,2020,October,0.068
Wine,2020,October,527.855
Malt beverages,2020,October,556.167
Essential oils,2020,October,217.717
Cut flowers & nursery stock,2020,October,190.839
Sugar & related products,2020,October,464.123
Confections,2020,October,182.118
Cocoa & products,2020,October,414.409
Coffee & products,2020,October,478.945
"Rubber, natural",2020,October,71.009
Live animals,2020,November,283.606
Red meats & products,2020,November,777.232
Beef & veal,2020,November,501.273
Pork,2020,November,147.816
Dairy products,2020,November,274.784
Cheese,2020,November,122.42
Grains & feeds,2020,November,1336.456
Grain products,2020,November,989.544
Oilseeds & products,2020,November,755.273
Vegetable oils,2020,November,545.165
Fruits & preparations,2020,November,1407.043
"Fruits, fresh or frozen",2020,November,1142.713
"Fruits, prepared or preserved",2020,November,264.33
Fruit juices,2020,November,156.677
Vegetables & preparations,2020,November,1466.038
"Vegetables, fresh or frozen",2020,November,1092.428
"Vegetables, prepared or preserved",2020,November,349.183
Tree nuts & preparations,2020,November,235.907
Cotton & linters,2020,November,0
Wine,2020,November,541.751
Malt beverages,2020,November,567.868
Essential oils,2020,November,247.115
Cut flowers & nursery stock,2020,November,232.591
Sugar & related products,2020,November,400.657
Confections,2020,November,173.787
Cocoa & products,2020,November,384.059
Coffee & products,2020,November,448.022
"Rubber, natural",2020,November,108.258
Live animals,2020,December,277.765
Red meats & products,2020,December,726.416
Beef & veal,2020,December,461.57
Pork,2020,December,123.729
Dairy products,2020,December,295.97
Cheese,2020,December,119.165
Grains & feeds,2020,December,1267.836
Grain products,2020,December,906.33
Oilseeds & products,2020,December,799.761
Vegetable oils,2020,December,595.515
Fruits & preparations,2020,December,1590.963
"Fruits, fresh or frozen",2020,December,1319.857
"Fruits, prepared or preserved",2020,December,271.106
Fruit juices,2020,December,182.513
Vegetables & preparations,2020,December,1500.363
"Vegetables, fresh or frozen",2020,December,1126.721
"Vegetables, prepared or preserved",2020,December,346.931
Tree nuts & preparations,2020,December,231.673
Cotton & linters,2020,December,0.231
Wine,2020,December,472.85
Malt beverages,2020,December,468.162
Essential oils,2020,December,334.773
Cut flowers & nursery stock,2020,December,182.985
Sugar & related products,2020,December,375.677
Confections,2020,December,176.122
Cocoa & products,2020,December,403.474
Coffee & products,2020,December,511.633
"Rubber, natural",2020,December,110.021
